time,close,ticker
2007-01-03,2.99285714285715,AAPL
2007-01-04,3.05928571428572,AAPL
2007-01-05,3.0375,AAPL
2007-01-08,3.0525,AAPL
2007-01-09,3.3060714285714305,AAPL
2007-01-10,3.46428571428573,AAPL
2007-01-11,3.421428571428569,AAPL
2007-01-12,3.37928571428573,AAPL
2007-01-16,3.4678571428571496,AAPL
2007-01-17,3.3910714285714305,AAPL
2007-01-18,3.1810714285714305,AAPL
2007-01-19,3.16071428571427,AAPL
2007-01-22,3.0996428571428503,AAPL
2007-01-23,3.06071428571427,AAPL
2007-01-24,3.0964285714285804,AAPL
2007-01-25,3.08035714285715,AAPL
2007-01-26,3.04928571428573,AAPL
2007-01-29,3.06928571428573,AAPL
2007-01-30,3.05535714285715,AAPL
2007-01-31,3.06178571428573,AAPL
2007-02-01,3.026428571428569,AAPL
2007-02-02,3.02678571428573,AAPL
2007-02-05,2.99785714285715,AAPL
2007-02-06,3.0053571428571497,AAPL
2007-02-07,3.07678571428572,AAPL
2007-02-08,3.07785714285715,AAPL
2007-02-09,2.9739285714285804,AAPL
2007-02-12,3.0314285714285805,AAPL
2007-02-13,3.025,AAPL
2007-02-14,3.046428571428569,AAPL
2007-02-15,3.04321428571428,AAPL
2007-02-16,3.02964285714285,AAPL
2007-02-20,3.0678571428571497,AAPL
2007-02-21,3.18571428571427,AAPL
2007-02-22,3.19678571428572,AAPL
2007-02-23,3.1810714285714305,AAPL
2007-02-26,3.1660714285714304,AAPL
2007-02-27,2.9975,AAPL
2007-02-28,3.02178571428573,AAPL
2007-03-01,3.10928571428573,AAPL
2007-03-02,3.0503571428571497,AAPL
2007-03-05,3.08285714285715,AAPL
2007-03-06,3.14964285714285,AAPL
2007-03-07,3.1328571428571497,AAPL
2007-03-08,3.14285714285715,AAPL
2007-03-09,3.14178571428572,AAPL
2007-03-12,3.20964285714285,AAPL
2007-03-13,3.1571428571428504,AAPL
2007-03-14,3.21428571428573,AAPL
2007-03-15,3.1989285714285804,AAPL
2007-03-16,3.1996428571428503,AAPL
2007-03-19,3.25464285714285,AAPL
2007-03-20,3.2671428571428502,AAPL
2007-03-21,3.3525,AAPL
2007-03-22,3.35571428571428,AAPL
2007-03-23,3.34,AAPL
2007-03-26,3.42321428571428,AAPL
2007-03-27,3.40928571428572,AAPL
2007-03-28,3.33,AAPL
2007-03-29,3.34821428571427,AAPL
2007-03-30,3.31821428571428,AAPL
2007-04-02,3.3446428571428504,AAPL
2007-04-03,3.375,AAPL
2007-04-04,3.36678571428572,AAPL
2007-04-05,3.381428571428569,AAPL
2007-04-06,3.3630357142857097,AAPL
2007-04-09,3.3446428571428504,AAPL
2007-04-10,3.3660714285714195,AAPL
2007-04-11,3.30678571428572,AAPL
2007-04-12,3.2925,AAPL
2007-04-13,3.22285714285715,AAPL
2007-04-16,3.26535714285715,AAPL
2007-04-17,3.22678571428572,AAPL
2007-04-18,3.2285714285714304,AAPL
2007-04-19,3.2239285714285804,AAPL
2007-04-20,3.2489285714285696,AAPL
2007-04-23,3.33964285714285,AAPL
2007-04-24,3.33,AAPL
2007-04-25,3.4053571428571496,AAPL
2007-04-26,3.53,AAPL
2007-04-27,3.56857142857142,AAPL
2007-04-30,3.56428571428573,AAPL
2007-05-01,3.5525,AAPL
2007-05-02,3.58535714285715,AAPL
2007-05-03,3.58571428571428,AAPL
2007-05-04,3.60035714285715,AAPL
2007-05-07,3.7114285714285695,AAPL
2007-05-08,3.75214285714285,AAPL
2007-05-09,3.81714285714285,AAPL
2007-05-10,3.8335714285714304,AAPL
2007-05-11,3.88357142857142,AAPL
2007-05-14,3.90571428571428,AAPL
2007-05-15,3.84,AAPL
2007-05-16,3.8335714285714304,AAPL
2007-05-17,3.90857142857142,AAPL
2007-05-18,3.92928571428572,AAPL
2007-05-21,3.99928571428573,AAPL
2007-05-22,4.055,AAPL
2007-05-23,4.03178571428572,AAPL
2007-05-24,3.95321428571427,AAPL
2007-05-25,4.0578571428571495,AAPL
2007-05-29,4.08392857142857,AAPL
2007-05-30,4.24178571428572,AAPL
2007-05-31,4.32821428571428,AAPL
2007-06-01,4.22857142857143,AAPL
2007-06-04,4.33321428571428,AAPL
2007-06-05,4.38107142857142,AAPL
2007-06-06,4.4157142857142695,AAPL
2007-06-07,4.4310714285714194,AAPL
2007-06-08,4.44607142857143,AAPL
2007-06-11,4.2925,AAPL
2007-06-12,4.29928571428573,AAPL
2007-06-13,4.196428571428569,AAPL
2007-06-14,4.241071428571431,AAPL
2007-06-15,4.303571428571431,AAPL
2007-06-18,4.4675,AAPL
2007-06-19,4.416428571428581,AAPL
2007-06-20,4.34107142857142,AAPL
2007-06-21,4.425,AAPL
2007-06-22,4.3928571428571495,AAPL
2007-06-25,4.36928571428573,AAPL
2007-06-26,4.27321428571427,AAPL
2007-06-27,4.3532142857142695,AAPL
2007-06-28,4.30571428571428,AAPL
2007-06-29,4.35857142857142,AAPL
2007-07-02,4.3307142857142695,AAPL
2007-07-03,4.54178571428572,AAPL
2007-07-05,4.74107142857143,AAPL
2007-07-06,4.725,AAPL
2007-07-09,4.65464285714285,AAPL
2007-07-10,4.726785714285731,AAPL
2007-07-11,4.7282142857142695,AAPL
2007-07-12,4.78821428571428,AAPL
2007-07-13,4.91892857142857,AAPL
2007-07-16,4.93214285714285,AAPL
2007-07-17,4.9610714285714295,AAPL
2007-07-18,4.93285714285715,AAPL
2007-07-19,5.0,AAPL
2007-07-20,5.13392857142857,AAPL
2007-07-23,5.132142857142849,AAPL
2007-07-24,4.8175,AAPL
2007-07-25,4.90214285714285,AAPL
2007-07-26,5.21428571428573,AAPL
2007-07-27,5.1375,AAPL
2007-07-30,5.05107142857142,AAPL
2007-07-31,4.7057142857142695,AAPL
2007-08-01,4.82142857142857,AAPL
2007-08-02,4.87464285714285,AAPL
2007-08-03,4.7089285714285705,AAPL
2007-08-06,4.83035714285715,AAPL
2007-08-07,4.8225,AAPL
2007-08-08,4.78607142857143,AAPL
2007-08-09,4.51392857142857,AAPL
2007-08-10,4.46428571428573,AAPL
2007-08-13,4.563928571428581,AAPL
2007-08-14,4.429642857142849,AAPL
2007-08-15,4.28214285714285,AAPL
2007-08-16,4.18035714285715,AAPL
2007-08-17,4.35928571428572,AAPL
2007-08-20,4.365,AAPL
2007-08-21,4.5560714285714194,AAPL
2007-08-22,4.7325,AAPL
2007-08-23,4.6810714285714194,AAPL
2007-08-24,4.832142857142849,AAPL
2007-08-27,4.72321428571427,AAPL
2007-08-28,4.52928571428572,AAPL
2007-08-29,4.788571428571419,AAPL
2007-08-30,4.86607142857143,AAPL
2007-08-31,4.94571428571428,AAPL
2007-09-04,5.1485714285714295,AAPL
2007-09-05,4.88428571428572,AAPL
2007-09-06,4.82178571428572,AAPL
2007-09-07,4.70607142857143,AAPL
2007-09-10,4.8825,AAPL
2007-09-11,4.83892857142857,AAPL
2007-09-12,4.8875,AAPL
2007-09-13,4.9,AAPL
2007-09-14,4.9575,AAPL
2007-09-17,4.943214285714269,AAPL
2007-09-18,5.03285714285715,AAPL
2007-09-19,5.0275,AAPL
2007-09-20,5.01107142857142,AAPL
2007-09-21,5.148214285714269,AAPL
2007-09-24,5.295714285714269,AAPL
2007-09-25,5.470714285714281,AAPL
2007-09-26,5.45607142857143,AAPL
2007-09-27,5.5178571428571495,AAPL
2007-09-28,5.48107142857142,AAPL
2007-10-01,5.583571428571419,AAPL
2007-10-02,5.65892857142858,AAPL
2007-10-03,5.64,AAPL
2007-10-04,5.58,AAPL
2007-10-05,5.766071428571419,AAPL
2007-10-09,5.995,AAPL
2007-10-10,5.95678571428572,AAPL
2007-10-11,5.79392857142857,AAPL
2007-10-12,5.97321428571427,AAPL
2007-10-15,5.963571428571429,AAPL
2007-10-16,6.05642857142858,AAPL
2007-10-17,6.1696428571428505,AAPL
2007-10-18,6.196428571428571,AAPL
2007-10-19,6.086428571428581,AAPL
2007-10-22,6.22714285714285,AAPL
2007-10-23,6.6485714285714295,AAPL
2007-10-24,6.64035714285715,AAPL
2007-10-25,6.52785714285715,AAPL
2007-10-26,6.59642857142858,AAPL
2007-10-29,6.61035714285715,AAPL
2007-10-30,6.678571428571429,AAPL
2007-10-31,6.78392857142858,AAPL
2007-11-01,6.694285714285719,AAPL
2007-11-02,6.709642857142851,AAPL
2007-11-05,6.649285714285719,AAPL
2007-11-06,6.84964285714285,AAPL
2007-11-07,6.65357142857142,AAPL
2007-11-08,6.26678571428573,AAPL
2007-11-09,5.906071428571429,AAPL
2007-11-13,6.07,AAPL
2007-11-14,5.9325,AAPL
2007-11-15,5.86785714285715,AAPL
2007-11-16,5.9425,AAPL
2007-11-19,5.85535714285715,AAPL
2007-11-20,6.03035714285715,AAPL
2007-11-21,6.01642857142858,AAPL
2007-11-23,6.126428571428581,AAPL
2007-11-26,6.16214285714285,AAPL
2007-11-27,6.243214285714281,AAPL
2007-11-28,6.4364285714285705,AAPL
2007-11-29,6.58178571428572,AAPL
2007-11-30,6.50785714285715,AAPL
2007-12-03,6.38785714285715,AAPL
2007-12-04,6.421785714285719,AAPL
2007-12-05,6.625,AAPL
2007-12-06,6.78392857142858,AAPL
2007-12-07,6.939285714285719,AAPL
2007-12-10,6.936071428571419,AAPL
2007-12-11,6.73357142857142,AAPL
2007-12-12,6.81642857142857,AAPL
2007-12-13,6.851071428571419,AAPL
2007-12-14,6.79964285714285,AAPL
2007-12-17,6.58571428571427,AAPL
2007-12-18,6.535,AAPL
2007-12-19,6.54,AAPL
2007-12-20,6.686071428571419,AAPL
2007-12-21,6.92535714285715,AAPL
2007-12-24,7.1,AAPL
2007-12-26,7.10535714285715,AAPL
2007-12-27,7.091785714285719,AAPL
2007-12-28,7.13678571428573,AAPL
2007-12-31,7.07428571428573,AAPL
2008-01-02,6.958571428571419,AAPL
2008-01-03,6.961785714285719,AAPL
2008-01-04,6.43035714285715,AAPL
2008-01-07,6.34428571428572,AAPL
2008-01-08,6.116071428571429,AAPL
2008-01-09,6.40714285714285,AAPL
2008-01-10,6.35785714285715,AAPL
2008-01-11,6.1675,AAPL
2008-01-14,6.385,AAPL
2008-01-15,6.03714285714285,AAPL
2008-01-16,5.701428571428571,AAPL
2008-01-17,5.74607142857143,AAPL
2008-01-18,5.76285714285715,AAPL
2008-01-22,5.55857142857143,AAPL
2008-01-23,4.96678571428572,AAPL
2008-01-24,4.842857142857151,AAPL
2008-01-25,4.6432142857142695,AAPL
2008-01-28,4.6432142857142695,AAPL
2008-01-29,4.69785714285715,AAPL
2008-01-30,4.72071428571428,AAPL
2008-01-31,4.8342857142857305,AAPL
2008-02-01,4.77678571428573,AAPL
2008-02-04,4.70178571428572,AAPL
2008-02-05,4.62,AAPL
2008-02-06,4.3571428571428505,AAPL
2008-02-07,4.33,AAPL
2008-02-08,4.48142857142857,AAPL
2008-02-11,4.62321428571428,AAPL
2008-02-12,4.4592857142857305,AAPL
2008-02-13,4.62142857142858,AAPL
2008-02-14,4.55214285714285,AAPL
2008-02-15,4.45107142857143,AAPL
2008-02-19,4.36357142857142,AAPL
2008-02-20,4.422142857142849,AAPL
2008-02-21,4.34071428571427,AAPL
2008-02-22,4.26642857142858,AAPL
2008-02-25,4.2764285714285695,AAPL
2008-02-26,4.25535714285715,AAPL
2008-02-27,4.39142857142858,AAPL
2008-02-28,4.639642857142849,AAPL
2008-02-29,4.465,AAPL
2008-03-03,4.3475,AAPL
2008-03-04,4.45071428571427,AAPL
2008-03-05,4.44607142857143,AAPL
2008-03-06,4.3189285714285806,AAPL
2008-03-07,4.366071428571431,AAPL
2008-03-10,4.27464285714285,AAPL
2008-03-11,4.54821428571428,AAPL
2008-03-12,4.5010714285714295,AAPL
2008-03-13,4.56928571428572,AAPL
2008-03-14,4.5217857142857305,AAPL
2008-03-17,4.52607142857143,AAPL
2008-03-18,4.7435714285714194,AAPL
2008-03-19,4.63107142857142,AAPL
2008-03-20,4.7596428571428495,AAPL
2008-03-21,4.87142857142856,AAPL
2008-03-24,4.983214285714269,AAPL
2008-03-25,5.035,AAPL
2008-03-26,5.18071428571428,AAPL
2008-03-27,5.00892857142857,AAPL
2008-03-28,5.1075,AAPL
2008-03-31,5.125,AAPL
2008-04-01,5.34035714285715,AAPL
2008-04-02,5.2675,AAPL
2008-04-03,5.41464285714285,AAPL
2008-04-04,5.491071428571425,AAPL
2008-04-07,5.5675,AAPL
2008-04-08,5.458571428571419,AAPL
2008-04-09,5.40857142857142,AAPL
2008-04-10,5.51964285714285,AAPL
2008-04-11,5.255,AAPL
2008-04-14,5.27785714285715,AAPL
2008-04-15,5.29928571428573,AAPL
2008-04-16,5.48928571428573,AAPL
2008-04-17,5.5175,AAPL
2008-04-18,5.751428571428581,AAPL
2008-04-21,6.00571428571427,AAPL
2008-04-22,5.72142857142858,AAPL
2008-04-23,5.8175,AAPL
2008-04-24,6.03357142857142,AAPL
2008-04-25,6.0617857142857305,AAPL
2008-04-28,6.15142857142857,AAPL
2008-04-29,6.251785714285719,AAPL
2008-04-30,6.2125,AAPL
2008-05-01,6.428571428571429,AAPL
2008-05-02,6.46214285714285,AAPL
2008-05-05,6.5975,AAPL
2008-05-06,6.666428571428581,AAPL
2008-05-07,6.521071428571419,AAPL
2008-05-08,6.609285714285719,AAPL
2008-05-09,6.55178571428573,AAPL
2008-05-12,6.72,AAPL
2008-05-13,6.78428571428573,AAPL
2008-05-14,6.6521428571428505,AAPL
2008-05-15,6.776071428571429,AAPL
2008-05-16,6.70071428571427,AAPL
2008-05-19,6.55714285714285,AAPL
2008-05-20,6.63928571428572,AAPL
2008-05-21,6.3639285714285805,AAPL
2008-05-22,6.32321428571427,AAPL
2008-05-23,6.47035714285715,AAPL
2008-05-27,6.658214285714281,AAPL
2008-05-28,6.678928571428571,AAPL
2008-05-29,6.71,AAPL
2008-05-30,6.741071428571429,AAPL
2008-06-02,6.6464285714285705,AAPL
2008-06-03,6.6203571428571495,AAPL
2008-06-04,6.6139285714285805,AAPL
2008-06-05,6.76535714285715,AAPL
2008-06-06,6.63,AAPL
2008-06-09,6.486071428571429,AAPL
2008-06-10,6.63,AAPL
2008-06-11,6.4575,AAPL
2008-06-12,6.18785714285715,AAPL
2008-06-13,6.156071428571429,AAPL
2008-06-16,6.3157142857142805,AAPL
2008-06-17,6.47964285714285,AAPL
2008-06-18,6.383928571428571,AAPL
2008-06-19,6.46071428571427,AAPL
2008-06-20,6.25964285714285,AAPL
2008-06-23,6.18428571428572,AAPL
2008-06-24,6.1875,AAPL
2008-06-25,6.33535714285715,AAPL
2008-06-26,6.00928571428572,AAPL
2008-06-27,6.07464285714285,AAPL
2008-06-30,5.98,AAPL
2008-07-01,6.23857142857142,AAPL
2008-07-02,6.0064285714285806,AAPL
2008-07-03,6.07571428571427,AAPL
2008-07-07,6.25571428571427,AAPL
2008-07-08,6.4125,AAPL
2008-07-09,6.22321428571427,AAPL
2008-07-10,6.30821428571427,AAPL
2008-07-11,6.163571428571419,AAPL
2008-07-14,6.21,AAPL
2008-07-15,6.05857142857143,AAPL
2008-07-16,6.171785714285719,AAPL
2008-07-17,6.13607142857142,AAPL
2008-07-18,5.89821428571427,AAPL
2008-07-21,5.938928571428581,AAPL
2008-07-22,5.786428571428571,AAPL
2008-07-23,5.93785714285715,AAPL
2008-07-24,5.67964285714285,AAPL
2008-07-25,5.79,AAPL
2008-07-28,5.51428571428572,AAPL
2008-07-29,5.61,AAPL
2008-07-30,5.71,AAPL
2008-07-31,5.67678571428573,AAPL
2008-08-01,5.595,AAPL
2008-08-04,5.4725,AAPL
2008-08-05,5.73714285714285,AAPL
2008-08-06,5.8639285714285805,AAPL
2008-08-07,5.841785714285719,AAPL
2008-08-08,6.05535714285715,AAPL
2008-08-11,6.19857142857142,AAPL
2008-08-12,6.3117857142857305,AAPL
2008-08-13,6.40357142857142,AAPL
2008-08-14,6.404285714285719,AAPL
2008-08-15,6.27642857142857,AAPL
2008-08-18,6.263928571428571,AAPL
2008-08-19,6.1975,AAPL
2008-08-20,6.28,AAPL
2008-08-21,6.22464285714285,AAPL
2008-08-22,6.313928571428581,AAPL
2008-08-25,6.1625,AAPL
2008-08-26,6.201428571428571,AAPL
2008-08-27,6.23821428571427,AAPL
2008-08-28,6.205,AAPL
2008-08-29,6.05464285714285,AAPL
2008-09-02,5.93535714285715,AAPL
2008-09-03,5.96285714285715,AAPL
2008-09-04,5.75785714285715,AAPL
2008-09-05,5.720714285714281,AAPL
2008-09-08,5.64,AAPL
2008-09-09,5.41714285714285,AAPL
2008-09-10,5.41464285714285,AAPL
2008-09-11,5.45178571428572,AAPL
2008-09-12,5.31928571428572,AAPL
2008-09-15,5.0128571428571504,AAPL
2008-09-16,4.99571428571427,AAPL
2008-09-17,4.565357142857151,AAPL
2008-09-18,4.7889285714285705,AAPL
2008-09-19,5.0325,AAPL
2008-09-22,4.680357142857151,AAPL
2008-09-23,4.53,AAPL
2008-09-24,4.596785714285731,AAPL
2008-09-25,4.71178571428572,AAPL
2008-09-26,4.58,AAPL
2008-09-29,3.75928571428572,AAPL
2008-09-30,4.05928571428572,AAPL
2008-10-01,3.89714285714285,AAPL
2008-10-02,3.575,AAPL
2008-10-03,3.46678571428573,AAPL
2008-10-06,3.505,AAPL
2008-10-07,3.18428571428572,AAPL
2008-10-08,3.20678571428572,AAPL
2008-10-09,3.16928571428573,AAPL
2008-10-10,3.45714285714285,AAPL
2008-10-14,3.71714285714285,AAPL
2008-10-15,3.49821428571427,AAPL
2008-10-16,3.638928571428581,AAPL
2008-10-17,3.4785714285714304,AAPL
2008-10-20,3.51571428571427,AAPL
2008-10-21,3.2675,AAPL
2008-10-22,3.45964285714285,AAPL
2008-10-23,3.50821428571428,AAPL
2008-10-24,3.44214285714285,AAPL
2008-10-27,3.2889285714285696,AAPL
2008-10-28,3.56821428571428,AAPL
2008-10-29,3.7339285714285695,AAPL
2008-10-30,3.96571428571428,AAPL
2008-10-31,3.8425,AAPL
2008-11-03,3.82,AAPL
2008-11-04,3.9639285714285695,AAPL
2008-11-05,3.68928571428573,AAPL
2008-11-06,3.53928571428572,AAPL
2008-11-07,3.50857142857142,AAPL
2008-11-10,3.42428571428573,AAPL
2008-11-12,3.2185714285714195,AAPL
2008-11-13,3.44428571428573,AAPL
2008-11-14,3.22285714285715,AAPL
2008-11-17,3.14785714285715,AAPL
2008-11-18,3.2110714285714304,AAPL
2008-11-19,3.08178571428572,AAPL
2008-11-20,2.87464285714285,AAPL
2008-11-21,2.94928571428572,AAPL
2008-11-24,3.31964285714285,AAPL
2008-11-25,3.24285714285715,AAPL
2008-11-26,3.39285714285715,AAPL
2008-11-28,3.3096428571428502,AAPL
2008-12-01,3.17607142857142,AAPL
2008-12-02,3.3025,AAPL
2008-12-03,3.425,AAPL
2008-12-04,3.2646428571428503,AAPL
2008-12-05,3.35714285714285,AAPL
2008-12-08,3.5614285714285696,AAPL
2008-12-09,3.5735714285714195,AAPL
2008-12-10,3.5075,AAPL
2008-12-11,3.39285714285715,AAPL
2008-12-12,3.50964285714285,AAPL
2008-12-15,3.3839285714285805,AAPL
2008-12-16,3.40821428571427,AAPL
2008-12-17,3.18428571428572,AAPL
2008-12-18,3.193928571428569,AAPL
2008-12-19,3.21428571428573,AAPL
2008-12-22,3.06214285714285,AAPL
2008-12-23,3.085,AAPL
2008-12-24,3.0371428571428503,AAPL
2008-12-26,3.06464285714285,AAPL
2008-12-29,3.09321428571428,AAPL
2008-12-30,3.08178571428572,AAPL
2008-12-31,3.04821428571428,AAPL
2009-01-02,3.2410714285714195,AAPL
2009-01-05,3.3778571428571498,AAPL
2009-01-06,3.32214285714285,AAPL
2009-01-07,3.25035714285715,AAPL
2009-01-08,3.31071428571427,AAPL
2009-01-09,3.235,AAPL
2009-01-12,3.1664285714285696,AAPL
2009-01-13,3.1325,AAPL
2009-01-14,3.0475,AAPL
2009-01-15,2.97785714285715,AAPL
2009-01-16,2.9403571428571498,AAPL
2009-01-20,2.79285714285715,AAPL
2009-01-21,2.95821428571427,AAPL
2009-01-22,3.15571428571428,AAPL
2009-01-23,3.15571428571428,AAPL
2009-01-26,3.2014285714285804,AAPL
2009-01-27,3.24035714285715,AAPL
2009-01-28,3.36428571428572,AAPL
2009-01-29,3.3214285714285805,AAPL
2009-01-30,3.2189285714285805,AAPL
2009-02-02,3.26821428571427,AAPL
2009-02-03,3.32071428571428,AAPL
2009-02-04,3.34107142857142,AAPL
2009-02-05,3.445,AAPL
2009-02-06,3.5614285714285696,AAPL
2009-02-09,3.6610714285714314,AAPL
2009-02-10,3.4939285714285804,AAPL
2009-02-11,3.45785714285715,AAPL
2009-02-12,3.5453571428571498,AAPL
2009-02-13,3.5414285714285696,AAPL
2009-02-17,3.3760714285714304,AAPL
2009-02-18,3.37035714285715,AAPL
2009-02-19,3.23714285714285,AAPL
2009-02-20,3.25714285714285,AAPL
2009-02-23,3.10535714285715,AAPL
2009-02-24,3.22321428571427,AAPL
2009-02-25,3.25571428571428,AAPL
2009-02-26,3.18535714285715,AAPL
2009-02-27,3.18964285714285,AAPL
2009-03-02,3.14071428571427,AAPL
2009-03-03,3.1560714285714195,AAPL
2009-03-04,3.25607142857142,AAPL
2009-03-05,3.1728571428571497,AAPL
2009-03-06,3.046428571428569,AAPL
2009-03-09,2.96821428571428,AAPL
2009-03-10,3.16535714285715,AAPL
2009-03-11,3.31,AAPL
2009-03-12,3.4410714285714303,AAPL
2009-03-13,3.42607142857142,AAPL
2009-03-16,3.40785714285715,AAPL
2009-03-17,3.55928571428572,AAPL
2009-03-18,3.62571428571427,AAPL
2009-03-19,3.62928571428573,AAPL
2009-03-20,3.62821428571428,AAPL
2009-03-23,3.845,AAPL
2009-03-24,3.80928571428572,AAPL
2009-03-25,3.80321428571428,AAPL
2009-03-26,3.92392857142858,AAPL
2009-03-27,3.8160714285714303,AAPL
2009-03-30,3.73178571428573,AAPL
2009-03-31,3.75428571428573,AAPL
2009-04-01,3.88178571428573,AAPL
2009-04-02,4.02535714285715,AAPL
2009-04-03,4.1425,AAPL
2009-04-06,4.23035714285715,AAPL
2009-04-07,4.1071428571428505,AAPL
2009-04-08,4.15428571428572,AAPL
2009-04-09,4.27035714285715,AAPL
2009-04-10,4.281964285714285,AAPL
2009-04-13,4.29357142857142,AAPL
2009-04-14,4.22535714285715,AAPL
2009-04-15,4.201428571428569,AAPL
2009-04-16,4.3375,AAPL
2009-04-17,4.40785714285715,AAPL
2009-04-20,4.303571428571431,AAPL
2009-04-21,4.348571428571431,AAPL
2009-04-22,4.3396428571428505,AAPL
2009-04-23,4.4785714285714295,AAPL
2009-04-24,4.425,AAPL
2009-04-27,4.45464285714285,AAPL
2009-04-28,4.425,AAPL
2009-04-29,4.46928571428572,AAPL
2009-04-30,4.49392857142858,AAPL
2009-05-01,4.5442857142857305,AAPL
2009-05-04,4.71678571428572,AAPL
2009-05-05,4.73964285714285,AAPL
2009-05-06,4.73214285714285,AAPL
2009-05-07,4.60928571428572,AAPL
2009-05-08,4.6139285714285805,AAPL
2009-05-11,4.6275,AAPL
2009-05-12,4.44357142857142,AAPL
2009-05-13,4.2675,AAPL
2009-05-14,4.391071428571419,AAPL
2009-05-15,4.37214285714285,AAPL
2009-05-18,4.523214285714269,AAPL
2009-05-19,4.551785714285731,AAPL
2009-05-20,4.49535714285715,AAPL
2009-05-21,4.435,AAPL
2009-05-22,4.375,AAPL
2009-05-26,4.670714285714269,AAPL
2009-05-27,4.75178571428572,AAPL
2009-05-28,4.8239285714285804,AAPL
2009-05-29,4.850357142857151,AAPL
2009-06-01,4.976785714285731,AAPL
2009-06-02,4.9817857142857305,AAPL
2009-06-03,5.03392857142858,AAPL
2009-06-04,5.13357142857143,AAPL
2009-06-05,5.16678571428572,AAPL
2009-06-08,5.1375,AAPL
2009-06-09,5.09714285714285,AAPL
2009-06-10,5.00892857142857,AAPL
2009-06-11,4.99821428571428,AAPL
2009-06-12,4.891785714285731,AAPL
2009-06-15,4.860357142857151,AAPL
2009-06-16,4.86964285714285,AAPL
2009-06-17,4.84214285714285,AAPL
2009-06-18,4.85285714285715,AAPL
2009-06-19,4.98142857142857,AAPL
2009-06-22,4.90607142857143,AAPL
2009-06-23,4.78607142857143,AAPL
2009-06-24,4.865,AAPL
2009-06-25,4.995,AAPL
2009-06-26,5.087142857142849,AAPL
2009-06-29,5.070357142857151,AAPL
2009-06-30,5.08678571428572,AAPL
2009-07-01,5.101071428571419,AAPL
2009-07-02,5.0007142857142695,AAPL
2009-07-06,4.9503571428571504,AAPL
2009-07-07,4.835714285714269,AAPL
2009-07-08,4.90071428571428,AAPL
2009-07-09,4.87,AAPL
2009-07-10,4.9471428571428495,AAPL
2009-07-13,5.083571428571419,AAPL
2009-07-14,5.08107142857143,AAPL
2009-07-15,5.24571428571427,AAPL
2009-07-16,5.26857142857143,AAPL
2009-07-17,5.4196428571428505,AAPL
2009-07-20,5.4610714285714295,AAPL
2009-07-21,5.41107142857143,AAPL
2009-07-22,5.5978571428571495,AAPL
2009-07-23,5.6364285714285804,AAPL
2009-07-24,5.71392857142857,AAPL
2009-07-27,5.71785714285715,AAPL
2009-07-28,5.71428571428573,AAPL
2009-07-29,5.71535714285715,AAPL
2009-07-30,5.813928571428581,AAPL
2009-07-31,5.83535714285715,AAPL
2009-08-03,5.9439285714285806,AAPL
2009-08-04,5.9125,AAPL
2009-08-05,5.8967857142857305,AAPL
2009-08-06,5.853928571428581,AAPL
2009-08-07,5.91107142857143,AAPL
2009-08-10,5.88285714285715,AAPL
2009-08-11,5.81535714285715,AAPL
2009-08-12,5.9039285714285805,AAPL
2009-08-13,6.015,AAPL
2009-08-14,5.95642857142858,AAPL
2009-08-17,5.69964285714285,AAPL
2009-08-18,5.8571428571428505,AAPL
2009-08-19,5.87857142857142,AAPL
2009-08-20,5.94035714285715,AAPL
2009-08-21,6.04357142857142,AAPL
2009-08-24,6.03785714285715,AAPL
2009-08-25,6.05,AAPL
2009-08-26,5.978928571428581,AAPL
2009-08-27,6.05178571428573,AAPL
2009-08-28,6.07321428571427,AAPL
2009-08-31,6.0075,AAPL
2009-09-01,5.90357142857142,AAPL
2009-09-02,5.899285714285719,AAPL
2009-09-03,5.94821428571427,AAPL
2009-09-04,6.0825,AAPL
2009-09-08,6.17607142857142,AAPL
2009-09-09,6.11214285714285,AAPL
2009-09-10,6.16285714285715,AAPL
2009-09-11,6.1485714285714295,AAPL
2009-09-14,6.20428571428573,AAPL
2009-09-15,6.25571428571427,AAPL
2009-09-16,6.4953571428571495,AAPL
2009-09-17,6.59107142857142,AAPL
2009-09-18,6.60785714285715,AAPL
2009-09-21,6.57214285714285,AAPL
2009-09-22,6.588571428571429,AAPL
2009-09-23,6.625,AAPL
2009-09-24,6.565,AAPL
2009-09-25,6.51321428571427,AAPL
2009-09-28,6.64821428571427,AAPL
2009-09-29,6.62071428571427,AAPL
2009-09-30,6.61964285714285,AAPL
2009-10-01,6.4592857142857305,AAPL
2009-10-02,6.6035714285714295,AAPL
2009-10-05,6.64357142857143,AAPL
2009-10-06,6.78607142857143,AAPL
2009-10-07,6.7946428571428505,AAPL
2009-10-08,6.75964285714285,AAPL
2009-10-09,6.8025,AAPL
2009-10-13,6.786428571428571,AAPL
2009-10-14,6.83178571428572,AAPL
2009-10-15,6.805714285714281,AAPL
2009-10-16,6.71607142857142,AAPL
2009-10-19,6.78071428571428,AAPL
2009-10-20,7.09857142857143,AAPL
2009-10-21,7.31857142857142,AAPL
2009-10-22,7.328571428571419,AAPL
2009-10-23,7.2835714285714195,AAPL
2009-10-26,7.23142857142857,AAPL
2009-10-27,7.04892857142857,AAPL
2009-10-28,6.87142857142858,AAPL
2009-10-29,7.0125,AAPL
2009-10-30,6.7321428571428505,AAPL
2009-11-02,6.76107142857142,AAPL
2009-11-03,6.741071428571429,AAPL
2009-11-04,6.81464285714285,AAPL
2009-11-05,6.92964285714285,AAPL
2009-11-06,6.9407142857142805,AAPL
2009-11-09,7.195,AAPL
2009-11-10,7.24928571428573,AAPL
2009-11-12,7.21392857142857,AAPL
2009-11-13,7.30178571428573,AAPL
2009-11-16,7.37964285714285,AAPL
2009-11-17,7.392857142857149,AAPL
2009-11-18,7.35571428571428,AAPL
2009-11-19,7.16107142857143,AAPL
2009-11-20,7.14,AAPL
2009-11-23,7.352857142857149,AAPL
2009-11-24,7.30142857142858,AAPL
2009-11-25,7.2925,AAPL
2009-11-27,7.1639285714285705,AAPL
2009-11-30,7.13964285714285,AAPL
2009-12-01,7.03464285714285,AAPL
2009-12-02,7.00821428571428,AAPL
2009-12-03,7.01714285714285,AAPL
2009-12-04,6.904285714285719,AAPL
2009-12-07,6.748214285714281,AAPL
2009-12-08,6.781071428571429,AAPL
2009-12-09,7.064285714285719,AAPL
2009-12-10,7.01535714285715,AAPL
2009-12-11,6.9525,AAPL
2009-12-14,7.035,AAPL
2009-12-15,6.93464285714285,AAPL
2009-12-16,6.96535714285715,AAPL
2009-12-17,6.85214285714285,AAPL
2009-12-18,6.97964285714285,AAPL
2009-12-21,7.07964285714285,AAPL
2009-12-22,7.15571428571428,AAPL
2009-12-23,7.21785714285715,AAPL
2009-12-24,7.46571428571427,AAPL
2009-12-28,7.5575,AAPL
2009-12-29,7.46785714285715,AAPL
2009-12-30,7.55857142857143,AAPL
2009-12-31,7.526071428571429,AAPL
2010-01-04,7.643214285714269,AAPL
2010-01-05,7.656428571428571,AAPL
2010-01-06,7.53464285714285,AAPL
2010-01-07,7.520714285714281,AAPL
2010-01-08,7.57071428571428,AAPL
2010-01-11,7.50392857142857,AAPL
2010-01-12,7.41857142857142,AAPL
2010-01-13,7.52321428571427,AAPL
2010-01-14,7.47964285714285,AAPL
2010-01-15,7.35464285714285,AAPL
2010-01-19,7.68,AAPL
2010-01-20,7.56142857142857,AAPL
2010-01-21,7.4310714285714194,AAPL
2010-01-22,7.0625,AAPL
2010-01-25,7.2525,AAPL
2010-01-26,7.355,AAPL
2010-01-27,7.42428571428573,AAPL
2010-01-28,7.1175,AAPL
2010-01-29,6.859285714285719,AAPL
2010-02-01,6.95464285714285,AAPL
2010-02-02,6.995,AAPL
2010-02-03,7.11535714285715,AAPL
2010-02-04,6.858928571428581,AAPL
2010-02-05,6.9807142857142805,AAPL
2010-02-08,6.9328571428571495,AAPL
2010-02-09,7.006785714285719,AAPL
2010-02-10,6.968571428571429,AAPL
2010-02-11,7.09535714285715,AAPL
2010-02-12,7.156428571428571,AAPL
2010-02-16,7.26428571428572,AAPL
2010-02-17,7.233928571428581,AAPL
2010-02-18,7.2475,AAPL
2010-02-19,7.2025,AAPL
2010-02-22,7.15785714285715,AAPL
2010-02-23,7.03785714285715,AAPL
2010-02-24,7.166428571428581,AAPL
2010-02-25,7.21428571428573,AAPL
2010-02-26,7.307857142857149,AAPL
2010-03-01,7.46392857142857,AAPL
2010-03-02,7.45892857142857,AAPL
2010-03-03,7.476071428571419,AAPL
2010-03-04,7.52535714285715,AAPL
2010-03-05,7.81964285714285,AAPL
2010-03-08,7.82428571428573,AAPL
2010-03-09,7.965,AAPL
2010-03-10,8.03,AAPL
2010-03-11,8.053571428571429,AAPL
2010-03-12,8.09285714285715,AAPL
2010-03-15,7.99428571428573,AAPL
2010-03-16,8.01607142857143,AAPL
2010-03-17,8.00428571428573,AAPL
2010-03-18,8.02321428571427,AAPL
2010-03-19,7.9375,AAPL
2010-03-22,8.026785714285719,AAPL
2010-03-23,8.15571428571428,AAPL
2010-03-24,8.19178571428573,AAPL
2010-03-25,8.09464285714285,AAPL
2010-03-26,8.24642857142858,AAPL
2010-03-29,8.29964285714285,AAPL
2010-03-30,8.42321428571428,AAPL
2010-03-31,8.39285714285715,AAPL
2010-04-01,8.4275,AAPL
2010-04-02,8.4725,AAPL
2010-04-05,8.5175,AAPL
2010-04-06,8.555,AAPL
2010-04-07,8.59285714285715,AAPL
2010-04-08,8.569642857142851,AAPL
2010-04-09,8.63535714285715,AAPL
2010-04-12,8.65321428571428,AAPL
2010-04-13,8.65821428571427,AAPL
2010-04-14,8.774642857142851,AAPL
2010-04-15,8.89,AAPL
2010-04-16,8.83571428571427,AAPL
2010-04-19,8.82392857142857,AAPL
2010-04-20,8.73535714285715,AAPL
2010-04-21,9.25785714285715,AAPL
2010-04-22,9.51678571428572,AAPL
2010-04-23,9.6725,AAPL
2010-04-26,9.625,AAPL
2010-04-27,9.35857142857142,AAPL
2010-04-28,9.34285714285715,AAPL
2010-04-29,9.59428571428572,AAPL
2010-04-30,9.32464285714285,AAPL
2010-05-03,9.5125,AAPL
2010-05-04,9.23857142857143,AAPL
2010-05-05,9.1425,AAPL
2010-05-06,8.79464285714285,AAPL
2010-05-07,8.42357142857142,AAPL
2010-05-10,9.071071428571427,AAPL
2010-05-11,9.161428571428573,AAPL
2010-05-12,9.36035714285715,AAPL
2010-05-13,9.22714285714285,AAPL
2010-05-14,9.065,AAPL
2010-05-17,9.07928571428572,AAPL
2010-05-18,9.01285714285715,AAPL
2010-05-19,8.86928571428573,AAPL
2010-05-20,8.491428571428571,AAPL
2010-05-21,8.65428571428573,AAPL
2010-05-24,8.81285714285715,AAPL
2010-05-25,8.75785714285715,AAPL
2010-05-26,8.71821428571428,AAPL
2010-05-27,9.04821428571428,AAPL
2010-05-28,9.17428571428573,AAPL
2010-06-01,9.31535714285715,AAPL
2010-06-02,9.42678571428572,AAPL
2010-06-03,9.39714285714285,AAPL
2010-06-04,9.14178571428572,AAPL
2010-06-07,8.962142857142851,AAPL
2010-06-08,8.90464285714285,AAPL
2010-06-09,8.685714285714269,AAPL
2010-06-10,8.94678571428573,AAPL
2010-06-11,9.053928571428573,AAPL
2010-06-14,9.081428571428573,AAPL
2010-06-15,9.274642857142853,AAPL
2010-06-16,9.54464285714285,AAPL
2010-06-17,9.70964285714285,AAPL
2010-06-18,9.78821428571428,AAPL
2010-06-21,9.64892857142858,AAPL
2010-06-22,9.78035714285715,AAPL
2010-06-23,9.6775,AAPL
2010-06-24,9.60714285714285,AAPL
2010-06-25,9.525,AAPL
2010-06-28,9.58214285714285,AAPL
2010-06-29,9.14892857142858,AAPL
2010-06-30,8.98321428571428,AAPL
2010-07-01,8.87428571428572,AAPL
2010-07-02,8.819285714285721,AAPL
2010-07-06,8.87964285714285,AAPL
2010-07-07,9.23821428571427,AAPL
2010-07-08,9.2175,AAPL
2010-07-09,9.27214285714285,AAPL
2010-07-12,9.188928571428573,AAPL
2010-07-13,8.992857142857149,AAPL
2010-07-14,9.026071428571427,AAPL
2010-07-15,8.98035714285715,AAPL
2010-07-16,8.925,AAPL
2010-07-19,8.77071428571428,AAPL
2010-07-20,8.996071428571419,AAPL
2010-07-21,9.08,AAPL
2010-07-22,9.25071428571428,AAPL
2010-07-23,9.28357142857143,AAPL
2010-07-26,9.26,AAPL
2010-07-27,9.43142857142857,AAPL
2010-07-28,9.32,AAPL
2010-07-29,9.21821428571428,AAPL
2010-07-30,9.1875,AAPL
2010-08-02,9.35178571428573,AAPL
2010-08-03,9.354642857142853,AAPL
2010-08-04,9.39214285714285,AAPL
2010-08-05,9.34642857142858,AAPL
2010-08-06,9.28892857142858,AAPL
2010-08-09,9.34821428571428,AAPL
2010-08-10,9.26464285714285,AAPL
2010-08-11,8.93535714285715,AAPL
2010-08-12,8.9925,AAPL
2010-08-13,8.896428571428581,AAPL
2010-08-16,8.844285714285721,AAPL
2010-08-17,8.998928571428571,AAPL
2010-08-18,9.03821428571428,AAPL
2010-08-19,8.92428571428573,AAPL
2010-08-20,8.91571428571427,AAPL
2010-08-23,8.77857142857142,AAPL
2010-08-24,8.56892857142858,AAPL
2010-08-25,8.67464285714285,AAPL
2010-08-26,8.581428571428571,AAPL
2010-08-27,8.62928571428573,AAPL
2010-08-30,8.660714285714281,AAPL
2010-08-31,8.68214285714285,AAPL
2010-09-01,8.94035714285715,AAPL
2010-09-02,9.00607142857143,AAPL
2010-09-03,9.24178571428573,AAPL
2010-09-07,9.2075,AAPL
2010-09-08,9.39,AAPL
2010-09-09,9.395357142857147,AAPL
2010-09-10,9.4075,AAPL
2010-09-13,9.53714285714285,AAPL
2010-09-14,9.57357142857142,AAPL
2010-09-15,9.65071428571427,AAPL
2010-09-16,9.8775,AAPL
2010-09-17,9.83464285714285,AAPL
2010-09-20,10.1153571428571,AAPL
2010-09-21,10.1346428571429,AAPL
2010-09-22,10.2767857142857,AAPL
2010-09-23,10.3185714285714,AAPL
2010-09-24,10.44,AAPL
2010-09-27,10.3985714285714,AAPL
2010-09-28,10.245,AAPL
2010-09-29,10.263214285714302,AAPL
2010-09-30,10.1339285714286,AAPL
2010-10-01,10.09,AAPL
2010-10-04,9.95142857142858,AAPL
2010-10-05,10.3192857142857,AAPL
2010-10-06,10.3282142857143,AAPL
2010-10-07,10.3292857142857,AAPL
2010-10-08,10.5025,AAPL
2010-10-12,10.6621428571429,AAPL
2010-10-13,10.719285714285698,AAPL
2010-10-14,10.7967857142857,AAPL
2010-10-15,11.2407142857143,AAPL
2010-10-18,11.357142857142902,AAPL
2010-10-19,11.0532142857143,AAPL
2010-10-20,11.090357142857098,AAPL
2010-10-21,11.0542857142857,AAPL
2010-10-22,10.9810714285714,AAPL
2010-10-25,11.03,AAPL
2010-10-26,11.0017857142857,AAPL
2010-10-27,10.9939285714286,AAPL
2010-10-28,10.9014285714286,AAPL
2010-10-29,10.7492857142857,AAPL
2010-11-01,10.8635714285714,AAPL
2010-11-02,11.0485714285714,AAPL
2010-11-03,11.1714285714286,AAPL
2010-11-04,11.3667857142857,AAPL
2010-11-05,11.3260714285714,AAPL
2010-11-08,11.3792857142857,AAPL
2010-11-09,11.2885714285714,AAPL
2010-11-10,11.3582142857143,AAPL
2010-11-12,11.0010714285714,AAPL
2010-11-15,10.9657142857143,AAPL
2010-11-16,10.7710714285714,AAPL
2010-11-17,10.7321428571429,AAPL
2010-11-18,11.015357142857098,AAPL
2010-11-19,10.954642857142902,AAPL
2010-11-22,11.1914285714286,AAPL
2010-11-23,11.0260714285714,AAPL
2010-11-24,11.2428571428572,AAPL
2010-11-26,11.25,AAPL
2010-11-29,11.3167857142857,AAPL
2010-11-30,11.1125,AAPL
2010-12-01,11.3,AAPL
2010-12-02,11.3625,AAPL
2010-12-03,11.3371428571428,AAPL
2010-12-06,11.4339285714286,AAPL
2010-12-07,11.3646428571429,AAPL
2010-12-08,11.464642857142902,AAPL
2010-12-09,11.42,AAPL
2010-12-10,11.4485714285714,AAPL
2010-12-13,11.4882142857143,AAPL
2010-12-14,11.4389285714286,AAPL
2010-12-15,11.4414285714286,AAPL
2010-12-16,11.4732142857143,AAPL
2010-12-17,11.450357142857198,AAPL
2010-12-20,11.5075,AAPL
2010-12-21,11.5785714285714,AAPL
2010-12-22,11.612857142857198,AAPL
2010-12-23,11.557142857142802,AAPL
2010-12-27,11.5957142857143,AAPL
2010-12-28,11.6239285714286,AAPL
2010-12-29,11.6175,AAPL
2010-12-30,11.5592857142857,AAPL
2011-01-03,11.7703571428572,AAPL
2011-01-04,11.8317857142857,AAPL
2011-01-05,11.9285714285714,AAPL
2011-01-06,11.9189285714286,AAPL
2011-01-07,12.0042857142857,AAPL
2011-01-10,12.230357142857098,AAPL
2011-01-11,12.2014285714286,AAPL
2011-01-12,12.3007142857143,AAPL
2011-01-13,12.3457142857143,AAPL
2011-01-14,12.4457142857143,AAPL
2011-01-18,12.1660714285714,AAPL
2011-01-19,12.1014285714286,AAPL
2011-01-20,11.8814285714286,AAPL
2011-01-21,11.6685714285714,AAPL
2011-01-24,12.0517857142857,AAPL
2011-01-25,12.192857142857198,AAPL
2011-01-26,12.280357142857198,AAPL
2011-01-27,12.2575,AAPL
2011-01-28,12.0035714285714,AAPL
2011-01-31,12.1185714285714,AAPL
2011-02-01,12.3225,AAPL
2011-02-02,12.297142857142902,AAPL
2011-02-03,12.2657142857143,AAPL
2011-02-04,12.375,AAPL
2011-02-07,12.567142857142802,AAPL
2011-02-08,12.6857142857143,AAPL
2011-02-09,12.7914285714286,AAPL
2011-02-10,12.662142857142902,AAPL
2011-02-11,12.744642857142802,AAPL
2011-02-14,12.827857142857098,AAPL
2011-02-15,12.8535714285714,AAPL
2011-02-16,12.9689285714286,AAPL
2011-02-17,12.7964285714286,AAPL
2011-02-18,12.52,AAPL
2011-02-22,12.0932142857143,AAPL
2011-02-23,12.2364285714286,AAPL
2011-02-24,12.2457142857143,AAPL
2011-02-25,12.4342857142857,AAPL
2011-02-28,12.6146428571429,AAPL
2011-03-01,12.4753571428572,AAPL
2011-03-02,12.5757142857143,AAPL
2011-03-03,12.8414285714286,AAPL
2011-03-04,12.857142857142902,AAPL
2011-03-07,12.6914285714286,AAPL
2011-03-08,12.7057142857143,AAPL
2011-03-09,12.5882142857143,AAPL
2011-03-10,12.3810714285714,AAPL
2011-03-11,12.5710714285714,AAPL
2011-03-14,12.627142857142902,AAPL
2011-03-15,12.3367857142857,AAPL
2011-03-16,11.7860714285714,AAPL
2011-03-17,11.9514285714286,AAPL
2011-03-18,11.8096428571428,AAPL
2011-03-21,12.1178571428572,AAPL
2011-03-22,12.1857142857143,AAPL
2011-03-23,12.1139285714286,AAPL
2011-03-24,12.320357142857098,AAPL
2011-03-25,12.555,AAPL
2011-03-28,12.5157142857143,AAPL
2011-03-29,12.5342857142857,AAPL
2011-03-30,12.4510714285714,AAPL
2011-03-31,12.4467857142857,AAPL
2011-04-01,12.3057142857143,AAPL
2011-04-04,12.185357142857098,AAPL
2011-04-05,12.1032142857143,AAPL
2011-04-06,12.0728571428571,AAPL
2011-04-07,12.0742857142857,AAPL
2011-04-08,11.9664285714286,AAPL
2011-04-11,11.8142857142857,AAPL
2011-04-12,11.8714285714286,AAPL
2011-04-13,12.004642857142802,AAPL
2011-04-14,11.8721428571428,AAPL
2011-04-15,11.695,AAPL
2011-04-18,11.8517857142857,AAPL
2011-04-19,12.0664285714286,AAPL
2011-04-20,12.2289285714286,AAPL
2011-04-21,12.525,AAPL
2011-04-22,12.56625,AAPL
2011-04-25,12.6075,AAPL
2011-04-26,12.515,AAPL
2011-04-27,12.505357142857198,AAPL
2011-04-28,12.3839285714286,AAPL
2011-04-29,12.504642857142802,AAPL
2011-05-02,12.367142857142902,AAPL
2011-05-03,12.4357142857143,AAPL
2011-05-04,12.484642857142902,AAPL
2011-05-05,12.3839285714286,AAPL
2011-05-06,12.3807142857143,AAPL
2011-05-09,12.4142857142857,AAPL
2011-05-10,12.480357142857098,AAPL
2011-05-11,12.4010714285714,AAPL
2011-05-12,12.3775,AAPL
2011-05-13,12.1607142857143,AAPL
2011-05-16,11.9035714285714,AAPL
2011-05-17,12.005,AAPL
2011-05-18,12.1382142857143,AAPL
2011-05-19,12.1617857142857,AAPL
2011-05-20,11.972142857142902,AAPL
2011-05-23,11.942857142857198,AAPL
2011-05-24,11.8639285714286,AAPL
2011-05-25,12.027857142857098,AAPL
2011-05-26,11.9642857142857,AAPL
2011-05-27,12.050357142857198,AAPL
2011-05-31,12.4225,AAPL
2011-06-01,12.339642857142902,AAPL
2011-06-02,12.3607142857143,AAPL
2011-06-03,12.2657142857143,AAPL
2011-06-06,12.0728571428571,AAPL
2011-06-07,11.8585714285714,AAPL
2011-06-08,11.8657142857143,AAPL
2011-06-09,11.8389285714286,AAPL
2011-06-10,11.6392857142857,AAPL
2011-06-13,11.6642857142857,AAPL
2011-06-14,11.872857142857098,AAPL
2011-06-15,11.669642857142902,AAPL
2011-06-16,11.612857142857198,AAPL
2011-06-17,11.437857142857098,AAPL
2011-06-20,11.2614285714286,AAPL
2011-06-21,11.6178571428572,AAPL
2011-06-22,11.5217857142857,AAPL
2011-06-23,11.829642857142902,AAPL
2011-06-24,11.655357142857198,AAPL
2011-06-27,11.8585714285714,AAPL
2011-06-28,11.9735714285714,AAPL
2011-06-29,11.93,AAPL
2011-06-30,11.9882142857143,AAPL
2011-07-01,12.2592857142857,AAPL
2011-07-05,12.4796428571428,AAPL
2011-07-06,12.562857142857098,AAPL
2011-07-07,12.7571428571428,AAPL
2011-07-08,12.8467857142857,AAPL
2011-07-11,12.642857142857098,AAPL
2011-07-12,12.6339285714286,AAPL
2011-07-13,12.7864285714286,AAPL
2011-07-14,12.7775,AAPL
2011-07-15,13.032857142857198,AAPL
2011-07-18,13.35,AAPL
2011-07-19,13.4589285714286,AAPL
2011-07-20,13.817857142857198,AAPL
2011-07-21,13.8317857142857,AAPL
2011-07-22,14.0464285714286,AAPL
2011-07-25,14.232142857142902,AAPL
2011-07-26,14.4075,AAPL
2011-07-27,14.0210714285714,AAPL
2011-07-28,13.9935714285714,AAPL
2011-07-29,13.9457142857143,AAPL
2011-08-01,14.169642857142902,AAPL
2011-08-02,13.8896428571428,AAPL
2011-08-03,14.0203571428572,AAPL
2011-08-04,13.4775,AAPL
2011-08-05,13.3435714285714,AAPL
2011-08-08,12.6146428571429,AAPL
2011-08-09,13.3575,AAPL
2011-08-10,12.9889285714286,AAPL
2011-08-11,13.3464285714286,AAPL
2011-08-12,13.4639285714286,AAPL
2011-08-15,13.6932142857143,AAPL
2011-08-16,13.5885714285714,AAPL
2011-08-17,13.5871428571428,AAPL
2011-08-18,13.0732142857143,AAPL
2011-08-19,12.715357142857098,AAPL
2011-08-22,12.73,AAPL
2011-08-23,13.342857142857198,AAPL
2011-08-24,13.435,AAPL
2011-08-25,13.347142857142902,AAPL
2011-08-26,13.6992857142857,AAPL
2011-08-29,13.9275,AAPL
2011-08-30,13.9282142857143,AAPL
2011-08-31,13.7439285714286,AAPL
2011-09-01,13.6082142857143,AAPL
2011-09-02,13.3589285714286,AAPL
2011-09-06,13.562142857142902,AAPL
2011-09-07,13.7117857142857,AAPL
2011-09-08,13.7192857142857,AAPL
2011-09-09,13.4814285714286,AAPL
2011-09-12,13.5692857142857,AAPL
2011-09-13,13.7364285714286,AAPL
2011-09-14,13.9035714285714,AAPL
2011-09-15,14.0342857142857,AAPL
2011-09-16,14.3035714285714,AAPL
2011-09-19,14.7010714285714,AAPL
2011-09-20,14.7660714285714,AAPL
2011-09-21,14.7192857142857,AAPL
2011-09-22,14.3507142857143,AAPL
2011-09-23,14.4392857142857,AAPL
2011-09-26,14.3989285714286,AAPL
2011-09-27,14.2592857142857,AAPL
2011-09-28,14.1789285714286,AAPL
2011-09-29,13.9489285714286,AAPL
2011-09-30,13.6185714285714,AAPL
2011-10-03,13.3785714285714,AAPL
2011-10-04,13.3035714285714,AAPL
2011-10-05,13.5089285714286,AAPL
2011-10-06,13.4775,AAPL
2011-10-07,13.207142857142902,AAPL
2011-10-11,14.2960714285714,AAPL
2011-10-12,14.3639285714286,AAPL
2011-10-13,14.5867857142857,AAPL
2011-10-14,15.0714285714286,AAPL
2011-10-17,14.999642857142902,AAPL
2011-10-18,15.08,AAPL
2011-10-19,14.2364285714286,AAPL
2011-10-20,14.1182142857143,AAPL
2011-10-21,14.0310714285714,AAPL
2011-10-24,14.4917857142857,AAPL
2011-10-25,14.2060714285714,AAPL
2011-10-26,14.307142857142802,AAPL
2011-10-27,14.4532142857143,AAPL
2011-10-28,14.4625,AAPL
2011-10-31,14.4564285714286,AAPL
2011-11-01,14.1610714285714,AAPL
2011-11-02,14.1932142857143,AAPL
2011-11-03,14.3953571428572,AAPL
2011-11-04,14.2942857142857,AAPL
2011-11-07,14.2760714285714,AAPL
2011-11-08,14.5082142857143,AAPL
2011-11-09,14.117142857142902,AAPL
2011-11-10,13.757857142857098,AAPL
2011-11-14,13.545,AAPL
2011-11-15,13.8867857142857,AAPL
2011-11-16,13.7417857142857,AAPL
2011-11-17,13.4789285714286,AAPL
2011-11-18,13.3907142857143,AAPL
2011-11-21,13.1789285714286,AAPL
2011-11-22,13.4467857142857,AAPL
2011-11-23,13.1067857142857,AAPL
2011-11-25,12.984642857142902,AAPL
2011-11-28,13.432857142857198,AAPL
2011-11-29,13.3285714285714,AAPL
2011-11-30,13.65,AAPL
2011-12-01,13.8546428571428,AAPL
2011-12-02,13.917857142857098,AAPL
2011-12-05,14.0360714285714,AAPL
2011-12-06,13.9625,AAPL
2011-12-07,13.8960714285714,AAPL
2011-12-08,13.9521428571428,AAPL
2011-12-09,14.057857142857198,AAPL
2011-12-12,13.9942857142857,AAPL
2011-12-13,13.8860714285714,AAPL
2011-12-14,13.5782142857143,AAPL
2011-12-15,13.5335714285714,AAPL
2011-12-16,13.607857142857098,AAPL
2011-12-19,13.650357142857098,AAPL
2011-12-20,14.1410714285714,AAPL
2011-12-21,14.1585714285714,AAPL
2011-12-22,14.2339285714286,AAPL
2011-12-23,14.404642857142802,AAPL
2011-12-27,14.5189285714286,AAPL
2011-12-28,14.38,AAPL
2011-12-29,14.4685714285714,AAPL
2011-12-30,14.4642857142857,AAPL
2012-01-03,14.6867857142857,AAPL
2012-01-04,14.7657142857143,AAPL
2012-01-05,14.929642857142902,AAPL
2012-01-06,15.0857142857143,AAPL
2012-01-09,15.0617857142857,AAPL
2012-01-10,15.1157142857143,AAPL
2012-01-11,15.0910714285714,AAPL
2012-01-12,15.049642857142802,AAPL
2012-01-13,14.9932142857143,AAPL
2012-01-17,15.167857142857098,AAPL
2012-01-18,15.325357142857198,AAPL
2012-01-19,15.2767857142857,AAPL
2012-01-20,15.0107142857143,AAPL
2012-01-23,15.2646428571428,AAPL
2012-01-24,15.0146428571428,AAPL
2012-01-25,15.9521428571428,AAPL
2012-01-26,15.879642857142802,AAPL
2012-01-27,15.9742857142857,AAPL
2012-01-30,16.1789285714286,AAPL
2012-01-31,16.3028571428571,AAPL
2012-02-01,16.2925,AAPL
2012-02-02,16.2542857142857,AAPL
2012-02-03,16.4171428571428,AAPL
2012-02-06,16.570357142857198,AAPL
2012-02-07,16.7439285714286,AAPL
2012-02-08,17.0242857142857,AAPL
2012-02-09,17.6132142857143,AAPL
2012-02-10,17.622142857142897,AAPL
2012-02-13,17.95,AAPL
2012-02-14,18.195,AAPL
2012-02-15,17.773928571428602,AAPL
2012-02-16,17.9360714285714,AAPL
2012-02-17,17.932857142857102,AAPL
2012-02-21,18.3875,AAPL
2012-02-22,18.3228571428571,AAPL
2012-02-23,18.4425,AAPL
2012-02-24,18.6575,AAPL
2012-02-27,18.777142857142803,AAPL
2012-02-28,19.1217857142857,AAPL
2012-02-29,19.3728571428571,AAPL
2012-03-01,19.4453571428572,AAPL
2012-03-02,19.4707142857143,AAPL
2012-03-05,19.0414285714286,AAPL
2012-03-06,18.9378571428572,AAPL
2012-03-07,18.9532142857143,AAPL
2012-03-08,19.3567857142857,AAPL
2012-03-09,19.4703571428572,AAPL
2012-03-12,19.7142857142857,AAPL
2012-03-13,20.2892857142857,AAPL
2012-03-14,21.0564285714286,AAPL
2012-03-15,20.9128571428571,AAPL
2012-03-16,20.9132142857143,AAPL
2012-03-19,21.467857142857103,AAPL
2012-03-20,21.6414285714286,AAPL
2012-03-21,21.517857142857103,AAPL
2012-03-22,21.405,AAPL
2012-03-23,21.2875,AAPL
2012-03-26,21.677857142857103,AAPL
2012-03-27,21.945714285714303,AAPL
2012-03-28,22.057857142857102,AAPL
2012-03-29,21.780714285714303,AAPL
2012-03-30,21.4125,AAPL
2012-04-02,22.0939285714286,AAPL
2012-04-03,22.475714285714304,AAPL
2012-04-04,22.296785714285697,AAPL
2012-04-05,22.6314285714286,AAPL
2012-04-06,22.6769642857143,AAPL
2012-04-09,22.7225,AAPL
2012-04-10,22.444285714285694,AAPL
2012-04-11,22.3642857142857,AAPL
2012-04-12,22.241785714285697,AAPL
2012-04-13,21.615357142857103,AAPL
2012-04-16,20.7189285714286,AAPL
2012-04-17,21.775,AAPL
2012-04-18,21.7264285714286,AAPL
2012-04-19,20.98,AAPL
2012-04-20,20.4635714285714,AAPL
2012-04-23,20.4178571428572,AAPL
2012-04-24,20.01,AAPL
2012-04-25,21.785714285714302,AAPL
2012-04-26,21.7035714285714,AAPL
2012-04-27,21.535714285714302,AAPL
2012-04-30,20.8564285714286,AAPL
2012-05-01,20.7903571428572,AAPL
2012-05-02,20.9278571428571,AAPL
2012-05-03,20.7792857142857,AAPL
2012-05-04,20.1875,AAPL
2012-05-07,20.3385714285714,AAPL
2012-05-08,20.2921428571428,AAPL
2012-05-09,20.3278571428572,AAPL
2012-05-10,20.3757142857143,AAPL
2012-05-11,20.2396428571429,AAPL
2012-05-14,19.936428571428603,AAPL
2012-05-15,19.7560714285714,AAPL
2012-05-16,19.502678571428604,AAPL
2012-05-17,18.932857142857102,AAPL
2012-05-18,18.942142857142898,AAPL
2012-05-21,20.0457142857143,AAPL
2012-05-22,19.8917857142857,AAPL
2012-05-23,20.3771428571429,AAPL
2012-05-24,20.19,AAPL
2012-05-25,20.0817857142857,AAPL
2012-05-29,20.4382142857143,AAPL
2012-05-30,20.684642857142897,AAPL
2012-05-31,20.6332142857143,AAPL
2012-06-01,20.0353571428572,AAPL
2012-06-04,20.1532142857143,AAPL
2012-06-05,20.1010714285714,AAPL
2012-06-06,20.4092857142857,AAPL
2012-06-07,20.4185714285714,AAPL
2012-06-08,20.7257142857143,AAPL
2012-06-11,20.3989285714286,AAPL
2012-06-12,20.5771428571428,AAPL
2012-06-13,20.4342857142857,AAPL
2012-06-14,20.4117857142857,AAPL
2012-06-15,20.504642857142898,AAPL
2012-06-18,20.9207142857143,AAPL
2012-06-19,20.9789285714286,AAPL
2012-06-20,20.9193214285714,AAPL
2012-06-21,20.6310714285714,AAPL
2012-06-22,20.7892857142857,AAPL
2012-06-25,20.384464285714294,AAPL
2012-06-26,20.4294642857143,AAPL
2012-06-27,20.5178571428571,AAPL
2012-06-28,20.3232142857143,AAPL
2012-06-29,20.8571428571429,AAPL
2012-07-02,21.1614285714286,AAPL
2012-07-03,21.4075,AAPL
2012-07-05,21.7835714285714,AAPL
2012-07-06,21.6385714285714,AAPL
2012-07-09,21.9246428571428,AAPL
2012-07-10,21.721785714285694,AAPL
2012-07-11,21.586785714285696,AAPL
2012-07-12,21.389285714285705,AAPL
2012-07-13,21.6060714285714,AAPL
2012-07-16,21.675357142857106,AAPL
2012-07-17,21.6764285714286,AAPL
2012-07-18,21.652142857142803,AAPL
2012-07-19,21.94,AAPL
2012-07-20,21.5821428571428,AAPL
2012-07-23,21.565357142857103,AAPL
2012-07-24,21.4614285714286,AAPL
2012-07-25,20.534642857142803,AAPL
2012-07-26,20.5314285714286,AAPL
2012-07-27,20.8985714285714,AAPL
2012-07-30,21.2510714285714,AAPL
2012-07-31,21.8128571428572,AAPL
2012-08-01,21.671785714285697,AAPL
2012-08-02,21.706785714285697,AAPL
2012-08-03,21.9892857142857,AAPL
2012-08-06,22.2339285714286,AAPL
2012-08-07,22.1755,AAPL
2012-08-08,22.1378571428572,AAPL
2012-08-09,22.1689285714286,AAPL
2012-08-10,22.2035714285714,AAPL
2012-08-13,22.5,AAPL
2012-08-14,22.560357142857104,AAPL
2012-08-15,22.5296428571428,AAPL
2012-08-16,22.7264285714286,AAPL
2012-08-17,23.1467857142857,AAPL
2012-08-20,23.7553571428572,AAPL
2012-08-21,23.430785714285697,AAPL
2012-08-22,23.8882142857143,AAPL
2012-08-23,23.6653571428572,AAPL
2012-08-24,23.6865,AAPL
2012-08-27,24.1314285714286,AAPL
2012-08-28,24.1,AAPL
2012-08-29,24.0523571428572,AAPL
2012-08-30,23.7095714285714,AAPL
2012-08-31,23.7585714285714,AAPL
2012-09-04,24.1060714285714,AAPL
2012-09-05,23.936785714285698,AAPL
2012-09-06,24.1525,AAPL
2012-09-07,24.3014285714286,AAPL
2012-09-10,23.6692857142857,AAPL
2012-09-11,23.5925,AAPL
2012-09-12,23.9210714285714,AAPL
2012-09-13,24.392142857142897,AAPL
2012-09-14,24.6885714285714,AAPL
2012-09-17,24.9921785714286,AAPL
2012-09-18,25.0682142857143,AAPL
2012-09-19,25.075,AAPL
2012-09-20,24.9535714285714,AAPL
2012-09-21,25.0033928571427,AAPL
2012-09-24,24.6710714285714,AAPL
2012-09-25,24.055,AAPL
2012-09-26,23.7564285714286,AAPL
2012-09-27,24.3328571428572,AAPL
2012-09-28,23.8251785714286,AAPL
2012-10-01,23.5496428571428,AAPL
2012-10-02,23.618214285714306,AAPL
2012-10-03,23.9803571428572,AAPL
2012-10-04,23.8142857142857,AAPL
2012-10-05,23.3067857142857,AAPL
2012-10-09,22.7089285714286,AAPL
2012-10-10,22.8896428571428,AAPL
2012-10-11,22.4321428571428,AAPL
2012-10-12,22.4897857142857,AAPL
2012-10-15,22.67,AAPL
2012-10-16,23.206892857142897,AAPL
2012-10-17,23.0219285714286,AAPL
2012-10-18,22.594285714285697,AAPL
2012-10-19,21.78,AAPL
2012-10-22,22.6439285714286,AAPL
2012-10-23,21.905535714285698,AAPL
2012-10-24,22.0296428571428,AAPL
2012-10-25,21.769214285714305,AAPL
2012-10-26,21.5714285714286,AAPL
2012-10-29,21.468095238095263,AAPL
2012-10-30,21.36476190476193,AAPL
2012-10-31,21.261428571428603,AAPL
2012-11-01,21.305,AAPL
2012-11-02,20.6,AAPL
2012-11-05,20.8793214285714,AAPL
2012-11-06,20.8160714285714,AAPL
2012-11-07,19.9286428571429,AAPL
2012-11-08,19.2053571428571,AAPL
2012-11-09,19.5378571428571,AAPL
2012-11-13,19.3892142857143,AAPL
2012-11-14,19.174285714285705,AAPL
2012-11-15,18.7721428571428,AAPL
2012-11-16,18.845642857142803,AAPL
2012-11-19,20.2046428571429,AAPL
2012-11-20,20.032607142857103,AAPL
2012-11-21,20.0607142857143,AAPL
2012-11-23,20.4107142857143,AAPL
2012-11-26,21.0546428571428,AAPL
2012-11-27,20.885,AAPL
2012-11-28,20.8192857142857,AAPL
2012-11-29,21.0485714285714,AAPL
2012-11-30,20.9028571428572,AAPL
2012-12-03,20.9353571428571,AAPL
2012-12-04,20.565892857142803,AAPL
2012-12-05,19.2425714285714,AAPL
2012-12-06,19.544464285714295,AAPL
2012-12-07,19.0446428571429,AAPL
2012-12-10,18.922178571428603,AAPL
2012-12-11,19.3352857142857,AAPL
2012-12-12,19.25,AAPL
2012-12-13,18.9175,AAPL
2012-12-14,18.2069285714286,AAPL
2012-12-17,18.5296428571428,AAPL
2012-12-18,19.0678571428572,AAPL
2012-12-19,18.7967857142857,AAPL
2012-12-20,18.6332142857143,AAPL
2012-12-21,18.5475,AAPL
2012-12-24,18.5774285714286,AAPL
2012-12-26,18.3214285714286,AAPL
2012-12-27,18.395,AAPL
2012-12-28,18.1996071428572,AAPL
2012-12-31,19.0061785714286,AAPL
2013-01-02,19.6082142857143,AAPL
2013-01-03,19.3605714285714,AAPL
2013-01-04,18.8214285714286,AAPL
2013-01-07,18.7107142857143,AAPL
2013-01-08,18.7610714285714,AAPL
2013-01-09,18.467857142857103,AAPL
2013-01-10,18.6967857142857,AAPL
2013-01-11,18.5821428571428,AAPL
2013-01-14,17.9196428571429,AAPL
2013-01-15,17.3542857142857,AAPL
2013-01-16,18.074642857142894,AAPL
2013-01-17,17.952857142857198,AAPL
2013-01-18,17.8571428571429,AAPL
2013-01-22,18.0275,AAPL
2013-01-23,18.3573214285714,AAPL
2013-01-24,16.0892857142857,AAPL
2013-01-25,15.71,AAPL
2013-01-28,16.0653571428571,AAPL
2013-01-29,16.3667857142857,AAPL
2013-01-30,16.3153571428571,AAPL
2013-01-31,16.2675,AAPL
2013-02-01,16.200714285714298,AAPL
2013-02-04,15.797,AAPL
2013-02-05,16.3515714285714,AAPL
2013-02-06,16.3339285714286,AAPL
2013-02-07,16.722142857142803,AAPL
2013-02-08,16.963571428571402,AAPL
2013-02-11,17.140357142857198,AAPL
2013-02-12,16.7107142857143,AAPL
2013-02-13,16.6789285714286,AAPL
2013-02-14,16.6639285714286,AAPL
2013-02-15,16.4342857142857,AAPL
2013-02-19,16.4282142857143,AAPL
2013-02-20,16.0303571428571,AAPL
2013-02-21,15.9307142857143,AAPL
2013-02-22,16.1003571428571,AAPL
2013-02-25,15.8142857142857,AAPL
2013-02-26,16.034642857142803,AAPL
2013-02-27,15.8775,AAPL
2013-02-28,15.7642857142857,AAPL
2013-03-01,15.3739285714286,AAPL
2013-03-04,15.0017857142857,AAPL
2013-03-05,15.398,AAPL
2013-03-06,15.2022142857143,AAPL
2013-03-07,15.3779285714286,AAPL
2013-03-08,15.4185714285714,AAPL
2013-03-11,15.6382142857143,AAPL
2013-03-12,15.3010714285714,AAPL
2013-03-13,15.2982142857143,AAPL
2013-03-14,15.4464285714286,AAPL
2013-03-15,15.845,AAPL
2013-03-18,16.2757142857143,AAPL
2013-03-19,16.2317857142857,AAPL
2013-03-20,16.1457142857143,AAPL
2013-03-21,16.168928571428598,AAPL
2013-03-22,16.4967857142857,AAPL
2013-03-25,16.5564285714286,AAPL
2013-03-26,16.469142857142803,AAPL
2013-03-27,16.1457142857143,AAPL
2013-03-28,15.8092857142857,AAPL
2013-03-29,15.56375,AAPL
2013-04-01,15.3182142857143,AAPL
2013-04-02,15.3497142857143,AAPL
2013-04-03,15.4282142857143,AAPL
2013-04-04,15.2757142857143,AAPL
2013-04-05,15.1142857142857,AAPL
2013-04-08,15.2217857142857,AAPL
2013-04-09,15.2492857142857,AAPL
2013-04-10,15.560357142857098,AAPL
2013-04-11,15.5117857142857,AAPL
2013-04-12,15.35,AAPL
2013-04-15,14.994642857142802,AAPL
2013-04-16,15.222857142857098,AAPL
2013-04-17,14.3857142857143,AAPL
2013-04-18,14.0017857142857,AAPL
2013-04-19,13.9475,AAPL
2013-04-22,14.2382142857143,AAPL
2013-04-23,14.504642857142802,AAPL
2013-04-24,14.4807857142857,AAPL
2013-04-25,14.585,AAPL
2013-04-26,14.9001785714286,AAPL
2013-04-29,15.3614285714286,AAPL
2013-04-30,15.8135714285714,AAPL
2013-05-01,15.6889285714286,AAPL
2013-05-02,15.9114285714286,AAPL
2013-05-03,16.0707142857143,AAPL
2013-05-06,16.453928571428598,AAPL
2013-05-07,16.380642857142803,AAPL
2013-05-08,16.5657142857143,AAPL
2013-05-09,16.3132142857143,AAPL
2013-05-10,16.1775,AAPL
2013-05-13,16.2407142857143,AAPL
2013-05-14,15.852142857142802,AAPL
2013-05-15,15.3160714285714,AAPL
2013-05-16,15.520642857142802,AAPL
2013-05-17,15.4735714285714,AAPL
2013-05-20,15.8189285714286,AAPL
2013-05-21,15.7021428571428,AAPL
2013-05-22,15.762642857142902,AAPL
2013-05-23,15.7907142857143,AAPL
2013-05-24,15.8982142857143,AAPL
2013-05-28,15.7656785714286,AAPL
2013-05-29,15.8910714285714,AAPL
2013-05-30,16.1278571428571,AAPL
2013-05-31,16.0619642857143,AAPL
2013-06-03,16.097142857142803,AAPL
2013-06-04,16.0467857142857,AAPL
2013-06-05,15.8967857142857,AAPL
2013-06-06,15.6592857142857,AAPL
2013-06-07,15.7789642857143,AAPL
2013-06-10,15.674642857142802,AAPL
2013-06-11,15.6285714285714,AAPL
2013-06-12,15.435357142857098,AAPL
2013-06-13,15.5701785714286,AAPL
2013-06-14,15.3589285714286,AAPL
2013-06-17,15.4285714285714,AAPL
2013-06-18,15.420357142857098,AAPL
2013-06-19,15.107142857142902,AAPL
2013-06-20,14.8870714285714,AAPL
2013-06-21,14.767857142857098,AAPL
2013-06-24,14.3764285714286,AAPL
2013-06-25,14.379642857142802,AAPL
2013-06-26,14.2167857142857,AAPL
2013-06-27,14.0635714285714,AAPL
2013-06-28,14.1617857142857,AAPL
2013-07-01,14.615,AAPL
2013-07-02,14.9460714285714,AAPL
2013-07-03,15.0285714285714,AAPL
2013-07-05,14.907857142857198,AAPL
2013-07-08,14.8232142857143,AAPL
2013-07-09,15.0839285714286,AAPL
2013-07-10,15.0260714285714,AAPL
2013-07-11,15.2602857142857,AAPL
2013-07-12,15.2325,AAPL
2013-07-15,15.2657142857143,AAPL
2013-07-16,15.3641071428572,AAPL
2013-07-17,15.3682142857143,AAPL
2013-07-18,15.4199285714286,AAPL
2013-07-19,15.1767857142857,AAPL
2013-07-22,15.2253571428572,AAPL
2013-07-23,14.9639285714286,AAPL
2013-07-24,15.7325,AAPL
2013-07-25,15.6607142857143,AAPL
2013-07-26,15.749642857142902,AAPL
2013-07-29,15.9925,AAPL
2013-07-30,16.19,AAPL
2013-07-31,16.1617857142857,AAPL
2013-08-01,16.309857142857197,AAPL
2013-08-02,16.5192857142857,AAPL
2013-08-05,16.7660714285714,AAPL
2013-08-06,16.616071428571402,AAPL
2013-08-07,16.606428571428598,AAPL
2013-08-08,16.464642857142803,AAPL
2013-08-09,16.230357142857198,AAPL
2013-08-12,16.6914285714286,AAPL
2013-08-13,17.484642857142802,AAPL
2013-08-14,17.8035714285714,AAPL
2013-08-15,17.7825,AAPL
2013-08-16,17.940357142857103,AAPL
2013-08-19,18.1335714285714,AAPL
2013-08-20,17.8953571428572,AAPL
2013-08-21,17.941428571428602,AAPL
2013-08-22,17.9628571428571,AAPL
2013-08-23,17.8935714285714,AAPL
2013-08-26,17.9632142857143,AAPL
2013-08-27,17.4496428571429,AAPL
2013-08-28,17.532,AAPL
2013-08-29,17.5607142857143,AAPL
2013-08-30,17.4005714285714,AAPL
2013-09-03,17.4492857142857,AAPL
2013-09-04,17.810392857142897,AAPL
2013-09-05,17.6882142857143,AAPL
2013-09-06,17.793571428571397,AAPL
2013-09-09,18.0775,AAPL
2013-09-10,17.665714285714298,AAPL
2013-09-11,16.703928571428598,AAPL
2013-09-12,16.8817857142857,AAPL
2013-09-13,16.6035714285714,AAPL
2013-09-16,16.075714285714298,AAPL
2013-09-17,16.2614285714286,AAPL
2013-09-18,16.5957142857143,AAPL
2013-09-19,16.867857142857197,AAPL
2013-09-20,16.6932142857143,AAPL
2013-09-23,17.5228571428571,AAPL
2013-09-24,17.4678571428571,AAPL
2013-09-25,17.1975,AAPL
2013-09-26,17.365,AAPL
2013-09-27,17.2385714285714,AAPL
2013-09-30,17.0321428571429,AAPL
2013-10-01,17.4457142857143,AAPL
2013-10-02,17.4828571428571,AAPL
2013-10-03,17.2639285714286,AAPL
2013-10-04,17.2510714285714,AAPL
2013-10-07,17.393571428571402,AAPL
2013-10-08,17.2313571428571,AAPL
2013-10-09,17.3767857142857,AAPL
2013-10-10,17.4796428571428,AAPL
2013-10-11,17.6067857142857,AAPL
2013-10-15,17.8392857142857,AAPL
2013-10-16,17.855357142857198,AAPL
2013-10-17,18.0446428571429,AAPL
2013-10-18,18.1768928571428,AAPL
2013-10-21,18.629642857142898,AAPL
2013-10-22,18.5821428571428,AAPL
2013-10-23,18.7553571428572,AAPL
2013-10-24,18.9875,AAPL
2013-10-25,18.7782142857143,AAPL
2013-10-28,18.9241428571429,AAPL
2013-10-29,18.4527857142857,AAPL
2013-10-30,18.7462857142857,AAPL
2013-10-31,18.6679285714286,AAPL
2013-11-01,18.5725,AAPL
2013-11-04,18.8125,AAPL
2013-11-05,18.7660357142857,AAPL
2013-11-06,18.6042857142857,AAPL
2013-11-07,18.3032857142857,AAPL
2013-11-08,18.5914285714286,AAPL
2013-11-12,18.5717857142857,AAPL
2013-11-13,18.5940714285714,AAPL
2013-11-14,18.862857142857106,AAPL
2013-11-15,18.749678571428603,AAPL
2013-11-18,18.5224642857143,AAPL
2013-11-19,18.5553571428572,AAPL
2013-11-20,18.3928571428571,AAPL
2013-11-21,18.612,AAPL
2013-11-22,18.5642857142857,AAPL
2013-11-25,18.705,AAPL
2013-11-26,19.05,AAPL
2013-11-27,19.4985714285714,AAPL
2013-11-29,19.8596428571428,AAPL
2013-12-02,19.6867857142857,AAPL
2013-12-03,20.2257857142857,AAPL
2013-12-04,20.1785714285714,AAPL
2013-12-05,20.2821785714286,AAPL
2013-12-06,20.0007142857143,AAPL
2013-12-09,20.2296428571428,AAPL
2013-12-10,20.1982142857143,AAPL
2013-12-11,20.0485714285714,AAPL
2013-12-12,20.0192857142857,AAPL
2013-12-13,19.8010714285714,AAPL
2013-12-16,19.9107142857143,AAPL
2013-12-17,19.8210714285714,AAPL
2013-12-18,19.6703571428571,AAPL
2013-12-19,19.445,AAPL
2013-12-20,19.6078571428571,AAPL
2013-12-23,20.3603571428572,AAPL
2013-12-24,20.2739285714286,AAPL
2013-12-26,20.139285714285705,AAPL
2013-12-27,20.0032142857143,AAPL
2013-12-30,19.8042857142857,AAPL
2013-12-31,20.0364285714286,AAPL
2014-01-02,19.754642857142898,AAPL
2014-01-03,19.3207142857143,AAPL
2014-01-06,19.4260714285714,AAPL
2014-01-07,19.2870714285714,AAPL
2014-01-08,19.4092857142857,AAPL
2014-01-09,19.1613928571429,AAPL
2014-01-10,19.0335714285714,AAPL
2014-01-13,19.1332142857143,AAPL
2014-01-14,19.5139285714286,AAPL
2014-01-15,19.9057142857143,AAPL
2014-01-16,19.7946428571429,AAPL
2014-01-17,19.309642857142897,AAPL
2014-01-21,19.6096428571428,AAPL
2014-01-22,19.6967857142857,AAPL
2014-01-23,19.8635714285714,AAPL
2014-01-24,19.5025,AAPL
2014-01-27,19.6607142857143,AAPL
2014-01-28,18.0892857142857,AAPL
2014-01-29,17.8839285714286,AAPL
2014-01-30,17.849357142857198,AAPL
2014-01-31,17.878571428571398,AAPL
2014-02-03,17.9117857142857,AAPL
2014-02-04,18.1710714285714,AAPL
2014-02-05,18.3067857142857,AAPL
2014-02-06,18.303928571428603,AAPL
2014-02-07,18.56,AAPL
2014-02-10,18.8925,AAPL
2014-02-11,19.1414285714286,AAPL
2014-02-12,19.14,AAPL
2014-02-13,19.4439285714286,AAPL
2014-02-14,19.4282142857143,AAPL
2014-02-18,19.499642857142803,AAPL
2014-02-19,19.1917857142857,AAPL
2014-02-20,18.969642857142897,AAPL
2014-02-21,18.7589285714286,AAPL
2014-02-24,18.8410714285714,AAPL
2014-02-25,18.645,AAPL
2014-02-26,18.4767857142857,AAPL
2014-02-27,18.8453571428572,AAPL
2014-02-28,18.7942857142857,AAPL
2014-03-03,18.8485714285714,AAPL
2014-03-04,18.9728571428572,AAPL
2014-03-05,19.0128571428572,AAPL
2014-03-06,18.9553571428571,AAPL
2014-03-07,18.9442857142857,AAPL
2014-03-10,18.9614285714286,AAPL
2014-03-11,19.1460714285714,AAPL
2014-03-12,19.164642857142898,AAPL
2014-03-13,18.951785714285705,AAPL
2014-03-14,18.7389285714286,AAPL
2014-03-17,18.812142857142803,AAPL
2014-03-18,18.9785714285714,AAPL
2014-03-19,18.9735714285714,AAPL
2014-03-20,18.882142857142803,AAPL
2014-03-21,19.0310714285714,AAPL
2014-03-24,19.2567857142857,AAPL
2014-03-25,19.463928571428603,AAPL
2014-03-26,19.2778571428572,AAPL
2014-03-27,19.195,AAPL
2014-03-28,19.1735714285714,AAPL
2014-03-31,19.1692857142857,AAPL
2014-04-01,19.344642857142897,AAPL
2014-04-02,19.3767857142857,AAPL
2014-04-03,19.2425,AAPL
2014-04-04,18.9935714285714,AAPL
2014-04-07,18.6953571428572,AAPL
2014-04-08,18.6942857142857,AAPL
2014-04-09,18.94,AAPL
2014-04-10,18.6957142857143,AAPL
2014-04-11,18.5575,AAPL
2014-04-14,18.6314285714286,AAPL
2014-04-15,18.4985714285714,AAPL
2014-04-16,18.5360714285714,AAPL
2014-04-17,18.7478571428571,AAPL
2014-04-18,18.859107142857148,AAPL
2014-04-21,18.9703571428572,AAPL
2014-04-22,18.98925,AAPL
2014-04-23,18.7410714285714,AAPL
2014-04-24,20.2775,AAPL
2014-04-25,20.4264285714286,AAPL
2014-04-28,21.2175,AAPL
2014-04-29,21.1546428571428,AAPL
2014-04-30,21.074642857142894,AAPL
2014-05-01,21.1242857142857,AAPL
2014-05-02,21.1635714285714,AAPL
2014-05-05,21.4628571428571,AAPL
2014-05-06,21.2289285714286,AAPL
2014-05-07,21.1546428571428,AAPL
2014-05-08,20.999642857142803,AAPL
2014-05-09,20.91225,AAPL
2014-05-12,21.1725,AAPL
2014-05-13,21.2057142857143,AAPL
2014-05-14,21.2096428571428,AAPL
2014-05-15,21.0292857142857,AAPL
2014-05-16,21.339642857142803,AAPL
2014-05-19,21.5925,AAPL
2014-05-20,21.596785714285694,AAPL
2014-05-21,21.6539285714286,AAPL
2014-05-22,21.688214285714302,AAPL
2014-05-23,21.933214285714303,AAPL
2014-05-27,22.3439285714286,AAPL
2014-05-28,22.2860714285714,AAPL
2014-05-29,22.692142857142898,AAPL
2014-05-30,22.607142857142897,AAPL
2014-06-02,22.4517857142857,AAPL
2014-06-03,22.769285714285697,AAPL
2014-06-04,23.0292857142857,AAPL
2014-06-05,23.1196428571428,AAPL
2014-06-06,23.0560714285714,AAPL
2014-06-09,23.425,AAPL
2014-06-10,23.5625,AAPL
2014-06-11,23.465,AAPL
2014-06-12,23.0725,AAPL
2014-06-13,22.82,AAPL
2014-06-16,23.05,AAPL
2014-06-17,23.02,AAPL
2014-06-18,23.045,AAPL
2014-06-19,22.965,AAPL
2014-06-20,22.7275,AAPL
2014-06-23,22.7075,AAPL
2014-06-24,22.57,AAPL
2014-06-25,22.59,AAPL
2014-06-26,22.725,AAPL
2014-06-27,22.995,AAPL
2014-06-30,23.2325,AAPL
2014-07-01,23.38,AAPL
2014-07-02,23.37,AAPL
2014-07-03,23.5075,AAPL
2014-07-07,23.992,AAPL
2014-07-08,23.8375,AAPL
2014-07-09,23.8475,AAPL
2014-07-10,23.75875,AAPL
2014-07-11,23.805,AAPL
2014-07-14,24.1125,AAPL
2014-07-15,23.83,AAPL
2014-07-16,23.695,AAPL
2014-07-17,23.272475,AAPL
2014-07-18,23.6075,AAPL
2014-07-21,23.48475,AAPL
2014-07-22,23.68,AAPL
2014-07-23,24.2975,AAPL
2014-07-24,24.2575,AAPL
2014-07-25,24.41775,AAPL
2014-07-28,24.755,AAPL
2014-07-29,24.595,AAPL
2014-07-30,24.5375,AAPL
2014-07-31,23.9,AAPL
2014-08-01,24.0325,AAPL
2014-08-04,23.8975,AAPL
2014-08-05,23.78,AAPL
2014-08-06,23.74,AAPL
2014-08-07,23.62,AAPL
2014-08-08,23.685,AAPL
2014-08-11,23.9975,AAPL
2014-08-12,23.9925,AAPL
2014-08-13,24.31,AAPL
2014-08-14,24.375,AAPL
2014-08-15,24.495,AAPL
2014-08-18,24.79,AAPL
2014-08-19,25.1325,AAPL
2014-08-20,25.1425,AAPL
2014-08-21,25.145,AAPL
2014-08-22,25.33,AAPL
2014-08-25,25.385,AAPL
2014-08-26,25.22225,AAPL
2014-08-27,25.5325,AAPL
2014-08-28,25.5625,AAPL
2014-08-29,25.625,AAPL
2014-09-02,25.825,AAPL
2014-09-03,24.735,AAPL
2014-09-04,24.53,AAPL
2014-09-05,24.7425,AAPL
2014-09-08,24.59,AAPL
2014-09-09,24.4975,AAPL
2014-09-10,25.25,AAPL
2014-09-11,25.3575,AAPL
2014-09-12,25.415,AAPL
2014-09-15,25.4075,AAPL
2014-09-16,25.215,AAPL
2014-09-17,25.395,AAPL
2014-09-18,25.4475,AAPL
2014-09-19,25.24,AAPL
2014-09-22,25.265,AAPL
2014-09-23,25.66,AAPL
2014-09-24,25.4375,AAPL
2014-09-25,24.4675,AAPL
2014-09-26,25.1875,AAPL
2014-09-29,25.0275,AAPL
2014-09-30,25.1875,AAPL
2014-10-01,24.795,AAPL
2014-10-02,24.975,AAPL
2014-10-03,24.905,AAPL
2014-10-06,24.905,AAPL
2014-10-07,24.6875,AAPL
2014-10-08,25.23625,AAPL
2014-10-09,25.3,AAPL
2014-10-10,25.39,AAPL
2014-10-14,25.054,AAPL
2014-10-15,24.4325,AAPL
2014-10-16,24.065,AAPL
2014-10-17,24.4175,AAPL
2014-10-20,24.9625,AAPL
2014-10-21,25.59125,AAPL
2014-10-22,25.76,AAPL
2014-10-23,26.1875,AAPL
2014-10-24,26.275,AAPL
2014-10-27,26.29625,AAPL
2014-10-28,26.6525,AAPL
2014-10-29,26.82725,AAPL
2014-10-30,26.7325,AAPL
2014-10-31,26.995,AAPL
2014-11-03,27.34875,AAPL
2014-11-04,27.17175,AAPL
2014-11-05,27.21,AAPL
2014-11-06,27.175,AAPL
2014-11-07,27.2425,AAPL
2014-11-10,27.1725,AAPL
2014-11-12,27.796,AAPL
2014-11-13,28.1825,AAPL
2014-11-14,28.545,AAPL
2014-11-17,28.4915,AAPL
2014-11-18,28.8925,AAPL
2014-11-19,28.6675,AAPL
2014-11-20,29.09,AAPL
2014-11-21,29.0725,AAPL
2014-11-24,29.65625,AAPL
2014-11-25,29.4525,AAPL
2014-11-26,29.75,AAPL
2014-11-28,29.7325,AAPL
2014-12-01,28.7325,AAPL
2014-12-02,28.61,AAPL
2014-12-03,29.02375,AAPL
2014-12-04,28.8725,AAPL
2014-12-05,28.681,AAPL
2014-12-08,28.075,AAPL
2014-12-09,28.54975,AAPL
2014-12-10,27.9225,AAPL
2014-12-11,27.86,AAPL
2014-12-12,27.40175,AAPL
2014-12-15,27.12,AAPL
2014-12-16,26.67525,AAPL
2014-12-17,27.375,AAPL
2014-12-18,28.115,AAPL
2014-12-19,27.945,AAPL
2014-12-22,28.2225,AAPL
2014-12-23,28.17325,AAPL
2014-12-24,28.0025,AAPL
2014-12-26,28.525,AAPL
2014-12-29,28.47,AAPL
2014-12-30,28.13,AAPL
2014-12-31,27.595,AAPL
2015-01-02,27.34,AAPL
2015-01-05,26.5625,AAPL
2015-01-06,26.565,AAPL
2015-01-07,26.9375,AAPL
2015-01-08,27.9575,AAPL
2015-01-09,28.01,AAPL
2015-01-12,27.3625,AAPL
2015-01-13,27.52875,AAPL
2015-01-14,27.136875,AAPL
2015-01-15,26.745,AAPL
2015-01-16,26.4975,AAPL
2015-01-20,27.18,AAPL
2015-01-21,27.3875,AAPL
2015-01-22,28.0825,AAPL
2015-01-23,28.2275,AAPL
2015-01-26,28.275,AAPL
2015-01-27,27.285,AAPL
2015-01-28,28.4925,AAPL
2015-01-29,29.7,AAPL
2015-01-30,29.2725,AAPL
2015-02-02,29.6575,AAPL
2015-02-03,29.67,AAPL
2015-02-04,29.87,AAPL
2015-02-05,29.945,AAPL
2015-02-06,29.71725,AAPL
2015-02-09,29.93,AAPL
2015-02-10,30.525,AAPL
2015-02-11,31.19275,AAPL
2015-02-12,31.6175,AAPL
2015-02-13,31.76325,AAPL
2015-02-17,31.9175,AAPL
2015-02-18,32.15775,AAPL
2015-02-19,32.1125,AAPL
2015-02-20,32.37375,AAPL
2015-02-23,33.2125,AAPL
2015-02-24,33.025,AAPL
2015-02-25,32.21075,AAPL
2015-02-26,32.5875,AAPL
2015-02-27,32.07,AAPL
2015-03-02,32.208749999999995,AAPL
2015-03-03,32.3475,AAPL
2015-03-04,32.105,AAPL
2015-03-05,31.615,AAPL
2015-03-06,31.64625,AAPL
2015-03-09,31.785,AAPL
2015-03-10,31.1275,AAPL
2015-03-11,30.56,AAPL
2015-03-12,31.1125,AAPL
2015-03-13,30.8975,AAPL
2015-03-16,31.32875,AAPL
2015-03-17,31.76,AAPL
2015-03-18,32.1175,AAPL
2015-03-19,31.87375,AAPL
2015-03-20,31.475,AAPL
2015-03-23,31.8025,AAPL
2015-03-24,31.6725,AAPL
2015-03-25,30.845,AAPL
2015-03-26,31.0925,AAPL
2015-03-27,30.8125,AAPL
2015-03-30,31.5825,AAPL
2015-03-31,31.1525,AAPL
2015-04-01,31.0325,AAPL
2015-04-02,31.36,AAPL
2015-04-03,31.59875,AAPL
2015-04-06,31.8375,AAPL
2015-04-07,31.51,AAPL
2015-04-08,31.4,AAPL
2015-04-09,31.61,AAPL
2015-04-10,31.7525,AAPL
2015-04-13,31.7125,AAPL
2015-04-14,31.535,AAPL
2015-04-15,31.695,AAPL
2015-04-16,31.5825,AAPL
2015-04-17,31.1625,AAPL
2015-04-20,31.8825,AAPL
2015-04-21,31.7425,AAPL
2015-04-22,32.13,AAPL
2015-04-23,32.4425,AAPL
2015-04-24,32.56375,AAPL
2015-04-27,33.095,AAPL
2015-04-28,32.58,AAPL
2015-04-29,32.0775,AAPL
2015-04-30,31.2475,AAPL
2015-05-01,32.18875,AAPL
2015-05-04,32.175,AAPL
2015-05-05,31.469,AAPL
2015-05-06,31.208,AAPL
2015-05-07,31.3125,AAPL
2015-05-08,31.905,AAPL
2015-05-11,31.58,AAPL
2015-05-12,31.5,AAPL
2015-05-13,31.50375,AAPL
2015-05-14,32.21,AAPL
2015-05-15,32.16725,AAPL
2015-05-18,32.5475,AAPL
2015-05-19,32.5175,AAPL
2015-05-20,32.57,AAPL
2015-05-21,32.875,AAPL
2015-05-22,33.175,AAPL
2015-05-26,32.4275,AAPL
2015-05-27,33.0175,AAPL
2015-05-28,32.9625,AAPL
2015-05-29,32.625,AAPL
2015-06-01,32.6075,AAPL
2015-06-02,32.49,AAPL
2015-06-03,32.505,AAPL
2015-06-04,32.3025,AAPL
2015-06-05,32.1765,AAPL
2015-06-08,31.98,AAPL
2015-06-09,31.8525,AAPL
2015-06-10,32.2425,AAPL
2015-06-11,32.17,AAPL
2015-06-12,31.8125,AAPL
2015-06-15,31.755,AAPL
2015-06-16,31.8475,AAPL
2015-06-17,31.845,AAPL
2015-06-18,31.9525,AAPL
2015-06-19,31.66375,AAPL
2015-06-22,31.89125,AAPL
2015-06-23,31.7725,AAPL
2015-06-24,32.03375,AAPL
2015-06-25,31.905,AAPL
2015-06-26,31.695,AAPL
2015-06-29,31.165,AAPL
2015-06-30,31.4225,AAPL
2015-07-01,31.63,AAPL
2015-07-02,31.6225,AAPL
2015-07-06,31.475,AAPL
2015-07-07,31.365,AAPL
2015-07-08,30.67625,AAPL
2015-07-09,30.05375,AAPL
2015-07-10,30.85775,AAPL
2015-07-13,31.4175,AAPL
2015-07-14,31.40725,AAPL
2015-07-15,31.6925,AAPL
2015-07-16,32.0925,AAPL
2015-07-17,32.3675,AAPL
2015-07-20,33.00975,AAPL
2015-07-21,32.7525,AAPL
2015-07-22,31.2775,AAPL
2015-07-23,31.295,AAPL
2015-07-24,31.12,AAPL
2015-07-27,30.675,AAPL
2015-07-28,30.82625,AAPL
2015-07-29,30.72,AAPL
2015-07-30,30.62,AAPL
2015-07-31,30.375,AAPL
2015-08-03,29.61,AAPL
2015-08-04,28.63725,AAPL
2015-08-05,28.845,AAPL
2015-08-06,28.831,AAPL
2015-08-07,28.87125,AAPL
2015-08-10,29.9325,AAPL
2015-08-11,28.3725,AAPL
2015-08-12,28.79,AAPL
2015-08-13,28.83375,AAPL
2015-08-14,28.995,AAPL
2015-08-17,29.3,AAPL
2015-08-18,29.11,AAPL
2015-08-19,28.7525,AAPL
2015-08-20,28.25,AAPL
2015-08-21,26.585,AAPL
2015-08-24,26.075,AAPL
2015-08-25,26.3925,AAPL
2015-08-26,27.38025,AAPL
2015-08-27,28.1475,AAPL
2015-08-28,28.2875,AAPL
2015-08-31,28.21,AAPL
2015-09-01,27.0175,AAPL
2015-09-02,27.9475,AAPL
2015-09-03,27.63,AAPL
2015-09-04,27.39,AAPL
2015-09-08,28.0775,AAPL
2015-09-09,27.475,AAPL
2015-09-10,28.12125,AAPL
2015-09-11,28.5085,AAPL
2015-09-14,28.81,AAPL
2015-09-15,29.07,AAPL
2015-09-16,29.095,AAPL
2015-09-17,28.51275,AAPL
2015-09-18,28.3875,AAPL
2015-09-21,28.7875,AAPL
2015-09-22,28.1575,AAPL
2015-09-23,28.6275,AAPL
2015-09-24,28.7525,AAPL
2015-09-25,28.71875,AAPL
2015-09-28,28.20625,AAPL
2015-09-29,27.2,AAPL
2015-09-30,27.53,AAPL
2015-10-01,27.256,AAPL
2015-10-02,27.57,AAPL
2015-10-05,27.695,AAPL
2015-10-06,27.83,AAPL
2015-10-07,27.6175,AAPL
2015-10-08,27.807125,AAPL
2015-10-09,27.99675,AAPL
2015-10-13,27.95,AAPL
2015-10-14,27.4975,AAPL
2015-10-15,27.94375,AAPL
2015-10-16,27.745,AAPL
2015-10-19,27.89025,AAPL
2015-10-20,28.173875,AAPL
2015-10-21,28.4575,AAPL
2015-10-22,28.8475,AAPL
2015-10-23,29.755,AAPL
2015-10-26,28.825,AAPL
2015-10-27,28.63175,AAPL
2015-10-28,29.76,AAPL
2015-10-29,30.1275,AAPL
2015-10-30,29.97,AAPL
2015-11-02,30.2585,AAPL
2015-11-03,30.815,AAPL
2015-11-04,30.41875,AAPL
2015-11-05,30.235,AAPL
2015-11-06,30.265,AAPL
2015-11-09,30.1425,AAPL
2015-11-10,29.1,AAPL
2015-11-12,28.9525,AAPL
2015-11-13,28.14725,AAPL
2015-11-16,28.54375,AAPL
2015-11-17,28.425,AAPL
2015-11-18,29.345,AAPL
2015-11-19,29.7425,AAPL
2015-11-20,29.80875,AAPL
2015-11-23,29.4375,AAPL
2015-11-24,29.72,AAPL
2015-11-25,29.4975,AAPL
2015-11-27,29.4525,AAPL
2015-11-30,29.575,AAPL
2015-12-01,29.335,AAPL
2015-12-02,29.055,AAPL
2015-12-03,28.7625,AAPL
2015-12-04,29.7575,AAPL
2015-12-07,29.57,AAPL
2015-12-08,29.5825,AAPL
2015-12-09,28.845,AAPL
2015-12-10,28.98,AAPL
2015-12-11,28.27125,AAPL
2015-12-14,28.0425,AAPL
2015-12-15,27.63,AAPL
2015-12-16,27.8175,AAPL
2015-12-17,27.289,AAPL
2015-12-18,26.51,AAPL
2015-12-21,26.7975,AAPL
2015-12-22,26.97375,AAPL
2015-12-23,27.15,AAPL
2015-12-24,27.0075,AAPL
2015-12-28,26.6725,AAPL
2015-12-29,27.1925,AAPL
2015-12-30,26.85475,AAPL
2015-12-31,26.3775,AAPL
2016-01-04,26.305,AAPL
2016-01-05,25.694000000000003,AAPL
2016-01-06,25.0925,AAPL
2016-01-07,24.28375,AAPL
2016-01-08,24.2475,AAPL
2016-01-11,24.645,AAPL
2016-01-12,25.0225,AAPL
2016-01-13,24.39,AAPL
2016-01-14,24.8525,AAPL
2016-01-15,24.30125,AAPL
2016-01-19,24.232475,AAPL
2016-01-20,24.2675,AAPL
2016-01-21,24.1425,AAPL
2016-01-22,25.33,AAPL
2016-01-25,24.88175,AAPL
2016-01-26,24.8625,AAPL
2016-01-27,23.37875,AAPL
2016-01-28,23.53625,AAPL
2016-01-29,23.875625,AAPL
2016-02-01,24.11875,AAPL
2016-02-02,24.115625,AAPL
2016-02-03,24.1125,AAPL
2016-02-04,24.1275,AAPL
2016-02-05,23.4425,AAPL
2016-02-08,23.735,AAPL
2016-02-09,23.775,AAPL
2016-02-10,23.5525,AAPL
2016-02-11,23.484975,AAPL
2016-02-12,23.4775,AAPL
2016-02-16,24.0,AAPL
2016-02-17,24.5225,AAPL
2016-02-18,24.055,AAPL
2016-02-19,24.04,AAPL
2016-02-22,24.1825,AAPL
2016-02-23,23.67375,AAPL
2016-02-24,24.0375,AAPL
2016-02-25,24.135,AAPL
2016-02-26,24.23875,AAPL
2016-02-29,24.235,AAPL
2016-03-01,25.1225,AAPL
2016-03-02,25.16875,AAPL
2016-03-03,25.3325,AAPL
2016-03-04,25.7425,AAPL
2016-03-07,25.4,AAPL
2016-03-08,25.21625,AAPL
2016-03-09,25.2375,AAPL
2016-03-10,25.2475,AAPL
2016-03-11,25.53125,AAPL
2016-03-14,25.65,AAPL
2016-03-15,26.12875,AAPL
2016-03-16,26.4625,AAPL
2016-03-17,26.54,AAPL
2016-03-18,26.46875,AAPL
2016-03-21,26.435,AAPL
2016-03-22,26.6975,AAPL
2016-03-23,26.525,AAPL
2016-03-24,26.41,AAPL
2016-03-25,26.35675,AAPL
2016-03-28,26.3035,AAPL
2016-03-29,26.9175,AAPL
2016-03-30,27.4025,AAPL
2016-03-31,27.27,AAPL
2016-04-01,27.47625,AAPL
2016-04-04,27.5575,AAPL
2016-04-05,27.63875,AAPL
2016-04-06,27.72,AAPL
2016-04-07,27.1225,AAPL
2016-04-08,27.15,AAPL
2016-04-11,27.3725,AAPL
2016-04-12,27.595,AAPL
2016-04-13,27.9795,AAPL
2016-04-14,28.005,AAPL
2016-04-15,27.455,AAPL
2016-04-18,26.90375,AAPL
2016-04-19,26.71,AAPL
2016-04-20,26.83375,AAPL
2016-04-21,26.48875,AAPL
2016-04-22,26.41,AAPL
2016-04-25,26.2275,AAPL
2016-04-26,26.04475,AAPL
2016-04-27,24.412475,AAPL
2016-04-28,23.6409,AAPL
2016-04-29,23.4307,AAPL
2016-05-02,23.40775,AAPL
2016-05-03,23.8125,AAPL
2016-05-04,23.5575,AAPL
2016-05-05,23.2675,AAPL
2016-05-06,23.1375,AAPL
2016-05-09,23.2075,AAPL
2016-05-10,23.34625,AAPL
2016-05-11,23.12825,AAPL
2016-05-12,22.5725,AAPL
2016-05-13,22.62,AAPL
2016-05-16,23.4825,AAPL
2016-05-17,23.41375,AAPL
2016-05-18,23.6175,AAPL
2016-05-19,23.57775,AAPL
2016-05-20,23.775,AAPL
2016-05-23,24.1141,AAPL
2016-05-24,24.485,AAPL
2016-05-25,24.91375,AAPL
2016-05-26,25.0975,AAPL
2016-05-27,25.06,AAPL
2016-05-31,24.95,AAPL
2016-06-01,24.584875,AAPL
2016-06-02,24.40125,AAPL
2016-06-03,24.4975,AAPL
2016-06-06,24.565,AAPL
2016-06-07,24.6325,AAPL
2016-06-08,24.7,AAPL
2016-06-09,24.92,AAPL
2016-06-10,24.7125,AAPL
2016-06-13,24.534375,AAPL
2016-06-14,24.35625,AAPL
2016-06-15,24.28,AAPL
2016-06-16,24.405,AAPL
2016-06-17,23.8375,AAPL
2016-06-20,23.78,AAPL
2016-06-21,23.9975,AAPL
2016-06-22,23.88375,AAPL
2016-06-23,23.982525,AAPL
2016-06-24,23.4175,AAPL
2016-06-27,23.015025,AAPL
2016-06-28,23.399975,AAPL
2016-06-29,23.6075,AAPL
2016-06-30,23.8675,AAPL
2016-07-01,24.01625,AAPL
2016-07-05,23.7425,AAPL
2016-07-06,23.875,AAPL
2016-07-07,23.975,AAPL
2016-07-08,24.17,AAPL
2016-07-11,24.2575,AAPL
2016-07-12,24.34375,AAPL
2016-07-13,24.2325,AAPL
2016-07-14,24.732325,AAPL
2016-07-15,24.677875,AAPL
2016-07-18,24.97625,AAPL
2016-07-19,24.9675,AAPL
2016-07-20,25.001,AAPL
2016-07-21,24.85,AAPL
2016-07-22,24.635,AAPL
2016-07-25,24.29,AAPL
2016-07-26,24.200825,AAPL
2016-07-27,25.8625,AAPL
2016-07-28,26.10125,AAPL
2016-07-29,26.0525,AAPL
2016-08-01,26.5275,AAPL
2016-08-02,26.12225,AAPL
2016-08-03,26.449,AAPL
2016-08-04,26.48,AAPL
2016-08-05,26.8675,AAPL
2016-08-08,26.91333333333333,AAPL
2016-08-09,26.959166666666665,AAPL
2016-08-10,27.005,AAPL
2016-08-11,27.02375,AAPL
2016-08-12,27.04875,AAPL
2016-08-15,27.3775,AAPL
2016-08-16,27.3775,AAPL
2016-08-17,27.305,AAPL
2016-08-18,27.27,AAPL
2016-08-19,27.345,AAPL
2016-08-22,27.134,AAPL
2016-08-23,27.22125,AAPL
2016-08-24,27.0075,AAPL
2016-08-25,26.92375,AAPL
2016-08-26,26.755,AAPL
2016-08-29,26.7025,AAPL
2016-08-30,26.465,AAPL
2016-08-31,26.5475,AAPL
2016-09-01,26.62875,AAPL
2016-09-02,26.9125,AAPL
2016-09-06,26.91375,AAPL
2016-09-07,27.145,AAPL
2016-09-08,26.37625,AAPL
2016-09-09,25.86625,AAPL
2016-09-12,26.405,AAPL
2016-09-13,27.01,AAPL
2016-09-14,27.93,AAPL
2016-09-15,28.895,AAPL
2016-09-16,28.76,AAPL
2016-09-19,28.376,AAPL
2016-09-20,28.44025,AAPL
2016-09-21,28.395,AAPL
2016-09-22,28.67625,AAPL
2016-09-23,28.18,AAPL
2016-09-26,28.26,AAPL
2016-09-27,28.2765,AAPL
2016-09-28,28.5025,AAPL
2016-09-29,28.0925,AAPL
2016-09-30,28.2375,AAPL
2016-10-03,28.1725,AAPL
2016-10-04,28.2575,AAPL
2016-10-05,28.25225,AAPL
2016-10-06,28.4975,AAPL
2016-10-07,28.525,AAPL
2016-10-11,29.10725,AAPL
2016-10-12,29.3925,AAPL
2016-10-13,29.2475,AAPL
2016-10-14,29.435,AAPL
2016-10-17,29.38,AAPL
2016-10-18,29.3825,AAPL
2016-10-19,29.26,AAPL
2016-10-20,29.2575,AAPL
2016-10-21,29.08625,AAPL
2016-10-24,29.35,AAPL
2016-10-25,29.50125,AAPL
2016-10-26,28.86575,AAPL
2016-10-27,28.5445,AAPL
2016-10-28,28.3975,AAPL
2016-10-31,28.42625,AAPL
2016-11-01,27.8205,AAPL
2016-11-02,27.97125,AAPL
2016-11-03,27.4525,AAPL
2016-11-04,27.21875,AAPL
2016-11-07,27.525,AAPL
2016-11-08,27.59,AAPL
2016-11-09,27.655,AAPL
2016-11-10,26.8725,AAPL
2016-11-14,26.3775,AAPL
2016-11-15,26.835,AAPL
2016-11-16,27.47875,AAPL
2016-11-17,27.459,AAPL
2016-11-18,27.49875,AAPL
2016-11-21,27.95375,AAPL
2016-11-22,27.9625,AAPL
2016-11-23,27.7575,AAPL
2016-11-25,27.9475,AAPL
2016-11-28,27.89625,AAPL
2016-11-29,27.735,AAPL
2016-11-30,27.6675,AAPL
2016-12-01,27.335,AAPL
2016-12-02,27.42375,AAPL
2016-12-05,27.25,AAPL
2016-12-06,27.43625,AAPL
2016-12-07,27.765,AAPL
2016-12-08,28.0195,AAPL
2016-12-09,28.535,AAPL
2016-12-12,28.28375,AAPL
2016-12-13,28.94,AAPL
2016-12-14,28.9125,AAPL
2016-12-15,28.995,AAPL
2016-12-16,28.9835,AAPL
2016-12-19,29.1125,AAPL
2016-12-20,29.23,AAPL
2016-12-21,29.2775,AAPL
2016-12-22,28.98875,AAPL
2016-12-23,29.09375,AAPL
2016-12-27,29.34,AAPL
2016-12-28,29.155,AAPL
2016-12-29,29.16,AAPL
2016-12-30,28.90125,AAPL
2017-01-03,28.91,AAPL
2017-01-04,29.0,AAPL
2017-01-05,29.18,AAPL
2017-01-06,29.495,AAPL
2017-01-09,29.78875,AAPL
2017-01-10,29.77875,AAPL
2017-01-11,29.95125,AAPL
2017-01-12,29.74,AAPL
2017-01-13,29.7375,AAPL
2017-01-17,29.961,AAPL
2017-01-18,30.00875,AAPL
2017-01-19,29.91375,AAPL
2017-01-20,30.0025,AAPL
2017-01-23,30.045,AAPL
2017-01-24,29.9975,AAPL
2017-01-25,30.48875,AAPL
2017-01-26,30.4875,AAPL
2017-01-27,30.43625,AAPL
2017-01-30,30.3025,AAPL
2017-01-31,30.3075,AAPL
2017-02-01,32.431,AAPL
2017-02-02,32.1125,AAPL
2017-02-03,32.2375,AAPL
2017-02-06,32.5725,AAPL
2017-02-07,32.80125,AAPL
2017-02-08,33.03,AAPL
2017-02-09,33.0575,AAPL
2017-02-10,33.0435,AAPL
2017-02-13,33.406375,AAPL
2017-02-14,33.76925,AAPL
2017-02-15,33.87475,AAPL
2017-02-16,33.8035,AAPL
2017-02-17,33.855,AAPL
2017-02-21,34.16375,AAPL
2017-02-22,34.2475,AAPL
2017-02-23,34.1175,AAPL
2017-02-24,34.07375,AAPL
2017-02-27,34.2475,AAPL
2017-02-28,34.18625,AAPL
2017-03-01,35.0,AAPL
2017-03-02,34.7085,AAPL
2017-03-03,34.8995,AAPL
2017-03-06,34.86925,AAPL
2017-03-07,34.83,AAPL
2017-03-08,34.7475,AAPL
2017-03-09,34.6725,AAPL
2017-03-10,34.795,AAPL
2017-03-13,34.815,AAPL
2017-03-14,34.7375,AAPL
2017-03-15,35.17125,AAPL
2017-03-16,35.1375,AAPL
2017-03-17,34.9925,AAPL
2017-03-20,35.315,AAPL
2017-03-21,35.07,AAPL
2017-03-22,35.305,AAPL
2017-03-23,35.2,AAPL
2017-03-24,35.2225,AAPL
2017-03-27,35.275,AAPL
2017-03-28,35.9875,AAPL
2017-03-29,36.055,AAPL
2017-03-30,35.96125,AAPL
2017-03-31,35.99425,AAPL
2017-04-03,35.94625,AAPL
2017-04-04,36.2125,AAPL
2017-04-05,36.0675,AAPL
2017-04-06,35.9475,AAPL
2017-04-07,35.8975,AAPL
2017-04-10,35.78625,AAPL
2017-04-11,35.33125,AAPL
2017-04-12,35.365,AAPL
2017-04-13,35.405,AAPL
2017-04-14,35.39375,AAPL
2017-04-17,35.3825,AAPL
2017-04-18,35.345,AAPL
2017-04-19,35.135,AAPL
2017-04-20,35.7175,AAPL
2017-04-21,35.5325,AAPL
2017-04-24,35.9325,AAPL
2017-04-25,36.185,AAPL
2017-04-26,35.9025,AAPL
2017-04-27,35.965,AAPL
2017-04-28,35.8675,AAPL
2017-05-01,36.77,AAPL
2017-05-02,36.85375,AAPL
2017-05-03,36.74,AAPL
2017-05-04,36.6225,AAPL
2017-05-05,37.1625,AAPL
2017-05-08,38.2135,AAPL
2017-05-09,38.4425,AAPL
2017-05-10,38.2475,AAPL
2017-05-11,38.49575,AAPL
2017-05-12,38.975,AAPL
2017-05-15,38.85275,AAPL
2017-05-16,38.855,AAPL
2017-05-17,37.55425,AAPL
2017-05-18,38.2,AAPL
2017-05-19,38.17325,AAPL
2017-05-22,38.4775,AAPL
2017-05-23,38.39,AAPL
2017-05-24,38.31,AAPL
2017-05-25,38.4925,AAPL
2017-05-26,38.3925,AAPL
2017-05-30,38.5015,AAPL
2017-05-31,38.2,AAPL
2017-06-01,38.235,AAPL
2017-06-02,38.78875,AAPL
2017-06-05,38.455,AAPL
2017-06-06,38.6675,AAPL
2017-06-07,38.8695,AAPL
2017-06-08,38.75,AAPL
2017-06-09,36.9725,AAPL
2017-06-12,36.0275,AAPL
2017-06-13,36.66,AAPL
2017-06-14,36.17,AAPL
2017-06-15,35.97125,AAPL
2017-06-16,35.63,AAPL
2017-06-19,36.58625,AAPL
2017-06-20,36.26875,AAPL
2017-06-21,36.5,AAPL
2017-06-22,36.4675,AAPL
2017-06-23,36.6475,AAPL
2017-06-26,36.48625,AAPL
2017-06-27,36.1075,AAPL
2017-06-28,36.5075,AAPL
2017-06-29,35.98375,AAPL
2017-06-30,36.18,AAPL
2017-07-03,35.875,AAPL
2017-07-05,36.0775,AAPL
2017-07-06,35.6925,AAPL
2017-07-07,36.12,AAPL
2017-07-10,36.3475,AAPL
2017-07-11,36.405,AAPL
2017-07-12,36.50875,AAPL
2017-07-13,36.975,AAPL
2017-07-14,37.315,AAPL
2017-07-17,37.435,AAPL
2017-07-18,37.48125,AAPL
2017-07-19,37.74,AAPL
2017-07-20,37.70175,AAPL
2017-07-21,37.5375,AAPL
2017-07-24,38.0875,AAPL
2017-07-25,38.205,AAPL
2017-07-26,38.32,AAPL
2017-07-27,37.5,AAPL
2017-07-28,37.36175,AAPL
2017-07-31,37.245,AAPL
2017-08-01,37.44375,AAPL
2017-08-02,39.45,AAPL
2017-08-03,38.86475,AAPL
2017-08-04,39.0,AAPL
2017-08-07,39.66875,AAPL
2017-08-08,40.035,AAPL
2017-08-09,40.24375,AAPL
2017-08-10,38.84025,AAPL
2017-08-11,39.36,AAPL
2017-08-14,39.96,AAPL
2017-08-15,40.4825,AAPL
2017-08-16,40.1925,AAPL
2017-08-17,39.555,AAPL
2017-08-18,39.40875,AAPL
2017-08-21,39.2625,AAPL
2017-08-22,39.9575,AAPL
2017-08-23,40.02025,AAPL
2017-08-24,40.010125,AAPL
2017-08-25,40.0,AAPL
2017-08-28,40.34575,AAPL
2017-08-29,40.77,AAPL
2017-08-30,40.8875,AAPL
2017-08-31,41.005,AAPL
2017-09-01,41.015,AAPL
2017-09-05,40.50975,AAPL
2017-09-06,40.4825,AAPL
2017-09-07,40.32,AAPL
2017-09-08,39.64525,AAPL
2017-09-11,40.34,AAPL
2017-09-12,40.15625,AAPL
2017-09-13,39.885,AAPL
2017-09-14,39.5325,AAPL
2017-09-15,39.97625,AAPL
2017-09-18,39.6825,AAPL
2017-09-19,39.66375,AAPL
2017-09-20,39.01875,AAPL
2017-09-21,38.34875,AAPL
2017-09-22,37.945,AAPL
2017-09-25,37.62,AAPL
2017-09-26,38.2925,AAPL
2017-09-27,38.595,AAPL
2017-09-28,38.2775,AAPL
2017-09-29,38.5175,AAPL
2017-10-02,38.4725,AAPL
2017-10-03,38.59375,AAPL
2017-10-04,38.36375,AAPL
2017-10-05,38.8325,AAPL
2017-10-06,38.8075,AAPL
2017-10-10,38.9425,AAPL
2017-10-11,39.14925,AAPL
2017-10-12,38.9925,AAPL
2017-10-13,39.2075,AAPL
2017-10-16,39.98,AAPL
2017-10-17,40.12,AAPL
2017-10-18,39.935,AAPL
2017-10-19,38.97,AAPL
2017-10-20,38.99,AAPL
2017-10-23,39.0125,AAPL
2017-10-24,39.2225,AAPL
2017-10-25,39.105,AAPL
2017-10-26,39.375,AAPL
2017-10-27,40.725,AAPL
2017-10-30,41.7275,AAPL
2017-10-31,42.275,AAPL
2017-11-01,41.684,AAPL
2017-11-02,42.045,AAPL
2017-11-03,43.10125,AAPL
2017-11-06,43.60225,AAPL
2017-11-07,43.685,AAPL
2017-11-08,44.035,AAPL
2017-11-09,43.9525,AAPL
2017-11-13,43.445,AAPL
2017-11-14,42.86,AAPL
2017-11-15,42.2,AAPL
2017-11-16,42.8625,AAPL
2017-11-17,42.48875,AAPL
2017-11-20,42.4875,AAPL
2017-11-21,43.26875,AAPL
2017-11-22,43.74625,AAPL
2017-11-24,43.7425,AAPL
2017-11-27,43.5425,AAPL
2017-11-28,43.2075,AAPL
2017-11-29,42.39,AAPL
2017-11-30,42.99,AAPL
2017-12-01,42.7825,AAPL
2017-12-04,42.4375,AAPL
2017-12-05,42.47125,AAPL
2017-12-06,42.225,AAPL
2017-12-07,42.38625,AAPL
2017-12-08,42.24125,AAPL
2017-12-11,43.16625,AAPL
2017-12-12,42.92,AAPL
2017-12-13,43.095,AAPL
2017-12-14,43.05625,AAPL
2017-12-15,43.4135,AAPL
2017-12-18,44.1625,AAPL
2017-12-19,43.6,AAPL
2017-12-20,43.595,AAPL
2017-12-21,43.75925,AAPL
2017-12-22,43.73975,AAPL
2017-12-26,42.59,AAPL
2017-12-27,42.62125,AAPL
2017-12-28,42.70875,AAPL
2017-12-29,42.3225,AAPL
2018-01-02,43.02625,AAPL
2018-01-03,43.023,AAPL
2018-01-04,43.26,AAPL
2018-01-05,43.75125,AAPL
2018-01-08,43.575,AAPL
2018-01-09,43.61125,AAPL
2018-01-10,43.5275,AAPL
2018-01-11,43.8075,AAPL
2018-01-12,44.21,AAPL
2018-01-16,44.1125,AAPL
2018-01-17,44.765,AAPL
2018-01-18,44.8075,AAPL
2018-01-19,44.565,AAPL
2018-01-22,44.22866666666667,AAPL
2018-01-23,43.89233333333333,AAPL
2018-01-24,43.556,AAPL
2018-01-25,42.81,AAPL
2018-01-26,42.8275,AAPL
2018-01-29,42.059,AAPL
2018-01-30,41.7375,AAPL
2018-01-31,41.79375,AAPL
2018-02-01,41.945,AAPL
2018-02-02,40.045,AAPL
2018-02-05,39.4025,AAPL
2018-02-06,40.6925,AAPL
2018-02-07,39.98,AAPL
2018-02-08,39.125,AAPL
2018-02-09,39.07,AAPL
2018-02-12,40.665,AAPL
2018-02-13,41.1,AAPL
2018-02-14,41.8475,AAPL
2018-02-15,43.18,AAPL
2018-02-16,43.15,AAPL
2018-02-20,42.9675,AAPL
2018-02-21,42.835,AAPL
2018-02-22,43.1275,AAPL
2018-02-23,43.8475,AAPL
2018-02-26,44.67425,AAPL
2018-02-27,44.675,AAPL
2018-02-28,44.5725,AAPL
2018-03-01,43.78,AAPL
2018-03-02,44.06125,AAPL
2018-03-05,44.2475,AAPL
2018-03-06,44.08875,AAPL
2018-03-07,43.7125,AAPL
2018-03-08,44.303333333333335,AAPL
2018-03-09,44.89416666666666,AAPL
2018-03-12,45.485,AAPL
2018-03-13,44.9625,AAPL
2018-03-14,44.57375,AAPL
2018-03-15,44.705,AAPL
2018-03-16,44.5775,AAPL
2018-03-19,43.82,AAPL
2018-03-20,43.201875,AAPL
2018-03-21,42.58375,AAPL
2018-03-22,41.965625,AAPL
2018-03-23,41.3475,AAPL
2018-03-26,43.2725,AAPL
2018-03-27,42.1275,AAPL
2018-03-28,41.6625,AAPL
2018-03-29,42.26375,AAPL
2018-03-30,41.926875,AAPL
2018-04-02,41.59,AAPL
2018-04-03,42.0575,AAPL
2018-04-04,42.9975,AAPL
2018-04-05,43.3575,AAPL
2018-04-06,42.1425,AAPL
2018-04-09,42.765,AAPL
2018-04-10,43.3775,AAPL
2018-04-11,43.1,AAPL
2018-04-12,43.6925,AAPL
2018-04-13,43.71,AAPL
2018-04-16,44.01825,AAPL
2018-04-17,44.67,AAPL
2018-04-18,44.52625,AAPL
2018-04-19,43.25,AAPL
2018-04-20,41.4675,AAPL
2018-04-23,41.216,AAPL
2018-04-24,40.5025,AAPL
2018-04-25,40.92575,AAPL
2018-04-26,41.0825,AAPL
2018-04-27,40.75125,AAPL
2018-04-30,41.44,AAPL
2018-05-01,42.025,AAPL
2018-05-02,44.2925,AAPL
2018-05-03,44.18775,AAPL
2018-05-04,46.0425,AAPL
2018-05-07,46.3425,AAPL
2018-05-08,46.465,AAPL
2018-05-09,46.7625,AAPL
2018-05-10,47.4975,AAPL
2018-05-11,47.12,AAPL
2018-05-14,47.0425,AAPL
2018-05-15,46.49,AAPL
2018-05-16,46.97,AAPL
2018-05-17,46.8025,AAPL
2018-05-18,46.6575,AAPL
2018-05-21,46.815,AAPL
2018-05-22,46.8335,AAPL
2018-05-23,46.9675,AAPL
2018-05-24,47.05925,AAPL
2018-05-25,47.105,AAPL
2018-05-29,46.955,AAPL
2018-05-30,46.8175,AAPL
2018-05-31,46.7425,AAPL
2018-06-01,47.4975,AAPL
2018-06-04,47.97125,AAPL
2018-06-05,48.325,AAPL
2018-06-06,48.35125,AAPL
2018-06-07,48.4325,AAPL
2018-06-08,47.8825,AAPL
2018-06-11,47.7975,AAPL
2018-06-12,47.92100000000001,AAPL
2018-06-13,47.79,AAPL
2018-06-14,47.7825,AAPL
2018-06-15,47.19,AAPL
2018-06-18,47.19375,AAPL
2018-06-19,46.4,AAPL
2018-06-20,46.68975,AAPL
2018-06-21,46.255,AAPL
2018-06-22,46.445,AAPL
2018-06-25,45.635,AAPL
2018-06-26,46.29,AAPL
2018-06-27,46.295,AAPL
2018-06-28,46.4375,AAPL
2018-06-29,46.50875,AAPL
2018-07-02,46.7225,AAPL
2018-07-03,45.98,AAPL
2018-07-05,46.4175,AAPL
2018-07-06,47.045,AAPL
2018-07-09,47.64375,AAPL
2018-07-10,47.655,AAPL
2018-07-11,46.97,AAPL
2018-07-12,47.74375,AAPL
2018-07-13,47.865,AAPL
2018-07-16,47.715,AAPL
2018-07-17,47.9425,AAPL
2018-07-18,47.8375,AAPL
2018-07-19,47.7325,AAPL
2018-07-20,47.6275,AAPL
2018-07-23,47.9125,AAPL
2018-07-24,48.12583333333333,AAPL
2018-07-25,48.33916666666667,AAPL
2018-07-26,48.5525,AAPL
2018-07-27,47.6625,AAPL
2018-07-30,48.54083333333333,AAPL
2018-07-31,49.41916666666667,AAPL
2018-08-01,50.2975,AAPL
2018-08-02,51.9025,AAPL
2018-08-03,51.9,AAPL
2018-08-06,52.301,AAPL
2018-08-07,51.805,AAPL
2018-08-08,51.8225,AAPL
2018-08-09,52.40125,AAPL
2018-08-10,51.9155,AAPL
2018-08-13,52.34,AAPL
2018-08-14,52.41,AAPL
2018-08-15,52.576,AAPL
2018-08-16,53.3925,AAPL
2018-08-17,54.4325,AAPL
2018-08-20,53.895,AAPL
2018-08-21,53.83,AAPL
2018-08-22,53.8875,AAPL
2018-08-23,53.9825,AAPL
2018-08-24,54.08,AAPL
2018-08-27,54.4725,AAPL
2018-08-28,55.02,AAPL
2018-08-29,55.7625,AAPL
2018-08-30,56.165,AAPL
2018-08-31,56.9675,AAPL
2018-09-04,57.15625,AAPL
2018-09-05,56.7225,AAPL
2018-09-06,55.765,AAPL
2018-09-07,55.6275,AAPL
2018-09-10,54.58375,AAPL
2018-09-11,55.88625,AAPL
2018-09-12,55.31,AAPL
2018-09-13,56.43125,AAPL
2018-09-14,55.93375,AAPL
2018-09-17,55.296875,AAPL
2018-09-18,54.66,AAPL
2018-09-19,54.68375,AAPL
2018-09-20,55.1325,AAPL
2018-09-21,54.33,AAPL
2018-09-24,55.16625,AAPL
2018-09-25,55.58475,AAPL
2018-09-26,55.4725,AAPL
2018-09-27,56.27025,AAPL
2018-09-28,56.3175,AAPL
2018-10-01,56.65625,AAPL
2018-10-02,56.7475,AAPL
2018-10-03,56.83875,AAPL
2018-10-04,56.93,AAPL
2018-10-05,56.105,AAPL
2018-10-09,56.7275,AAPL
2018-10-10,54.725,AAPL
2018-10-11,53.97275,AAPL
2018-10-12,55.24625,AAPL
2018-10-15,54.62125,AAPL
2018-10-16,54.42583333333334,AAPL
2018-10-17,54.23041666666666,AAPL
2018-10-18,54.035,AAPL
2018-10-19,54.935,AAPL
2018-10-22,55.445,AAPL
2018-10-23,55.795,AAPL
2018-10-24,54.665,AAPL
2018-10-25,55.3025,AAPL
2018-10-26,53.97,AAPL
2018-10-29,52.0775,AAPL
2018-10-30,53.2775,AAPL
2018-10-31,54.955,AAPL
2018-11-01,55.3375,AAPL
2018-11-02,51.4075,AAPL
2018-11-05,50.325,AAPL
2018-11-06,50.715,AAPL
2018-11-07,52.225,AAPL
2018-11-08,51.9975,AAPL
2018-11-09,51.105,AAPL
2018-11-13,48.1075,AAPL
2018-11-14,46.8625,AAPL
2018-11-15,47.7575,AAPL
2018-11-16,48.5325,AAPL
2018-11-19,46.35,AAPL
2018-11-20,44.1975,AAPL
2018-11-21,44.185,AAPL
2018-11-23,43.0725,AAPL
2018-11-26,43.4875,AAPL
2018-11-27,43.49425,AAPL
2018-11-28,45.1675,AAPL
2018-11-29,44.985,AAPL
2018-11-30,44.703,AAPL
2018-12-03,46.0625,AAPL
2018-12-04,44.1765,AAPL
2018-12-05,44.175,AAPL
2018-12-06,43.62,AAPL
2018-12-07,42.6575,AAPL
2018-12-10,42.305,AAPL
2018-12-11,42.2525,AAPL
2018-12-12,42.4475,AAPL
2018-12-13,42.73,AAPL
2018-12-14,41.7225,AAPL
2018-12-17,40.715,AAPL
2018-12-18,41.5975,AAPL
2018-12-19,40.1425,AAPL
2018-12-20,39.1875,AAPL
2018-12-21,37.755,AAPL
2018-12-24,36.6625,AAPL
2018-12-26,38.8175,AAPL
2018-12-27,38.91,AAPL
2018-12-28,39.12375,AAPL
2018-12-31,39.3375,AAPL
2019-01-02,39.2675,AAPL
2019-01-03,35.6775,AAPL
2019-01-04,36.9475,AAPL
2019-01-07,37.09,AAPL
2019-01-08,37.65,AAPL
2019-01-09,38.3725,AAPL
2019-01-10,38.4575,AAPL
2019-01-11,38.1,AAPL
2019-01-14,37.445,AAPL
2019-01-15,38.28,AAPL
2019-01-16,38.6675,AAPL
2019-01-17,38.8575,AAPL
2019-01-18,39.0775,AAPL
2019-01-22,38.3575,AAPL
2019-01-23,38.395,AAPL
2019-01-24,38.0375,AAPL
2019-01-25,38.50875,AAPL
2019-01-28,38.98,AAPL
2019-01-29,38.695,AAPL
2019-01-30,41.3025,AAPL
2019-01-31,41.47375,AAPL
2019-02-01,41.645,AAPL
2019-02-04,42.7025,AAPL
2019-02-05,43.5,AAPL
2019-02-06,43.535,AAPL
2019-02-07,42.7125,AAPL
2019-02-08,42.52,AAPL
2019-02-11,42.41,AAPL
2019-02-12,42.66,AAPL
2019-02-13,42.62,AAPL
2019-02-14,42.7225,AAPL
2019-02-15,42.5875,AAPL
2019-02-19,42.7875,AAPL
2019-02-20,42.99,AAPL
2019-02-21,42.7025,AAPL
2019-02-22,43.105,AAPL
2019-02-25,43.6325,AAPL
2019-02-26,43.6325,AAPL
2019-02-27,43.6675,AAPL
2019-02-28,43.445,AAPL
2019-03-01,43.765,AAPL
2019-03-04,43.9375,AAPL
2019-03-05,43.9375,AAPL
2019-03-06,43.6675,AAPL
2019-03-07,43.1925,AAPL
2019-03-08,43.195,AAPL
2019-03-11,44.7675,AAPL
2019-03-12,45.18,AAPL
2019-03-13,45.5875,AAPL
2019-03-14,45.9775,AAPL
2019-03-15,46.6775,AAPL
2019-03-18,46.82416666666667,AAPL
2019-03-19,46.97083333333333,AAPL
2019-03-20,47.1175,AAPL
2019-03-21,49.035,AAPL
2019-03-22,47.835,AAPL
2019-03-25,47.13,AAPL
2019-03-26,46.425,AAPL
2019-03-27,46.8025,AAPL
2019-03-28,47.18,AAPL
2019-03-29,47.4325,AAPL
2019-04-01,47.785,AAPL
2019-04-02,48.5825,AAPL
2019-04-03,48.7975,AAPL
2019-04-04,48.9025,AAPL
2019-04-05,49.235,AAPL
2019-04-08,49.98,AAPL
2019-04-09,49.985,AAPL
2019-04-10,50.155,AAPL
2019-04-11,49.72,AAPL
2019-04-12,49.7425,AAPL
2019-04-15,49.775,AAPL
2019-04-16,49.89,AAPL
2019-04-17,50.7975,AAPL
2019-04-18,50.9625,AAPL
2019-04-19,51.065,AAPL
2019-04-22,51.1675,AAPL
2019-04-23,51.78,AAPL
2019-04-24,51.955,AAPL
2019-04-25,51.405,AAPL
2019-04-26,51.12,AAPL
2019-04-29,51.215,AAPL
2019-04-30,50.2125,AAPL
2019-05-01,53.1,AAPL
2019-05-02,52.22,AAPL
2019-05-03,52.875,AAPL
2019-05-06,52.1225,AAPL
2019-05-07,50.4725,AAPL
2019-05-08,51.035,AAPL
2019-05-09,50.0975,AAPL
2019-05-10,49.255,AAPL
2019-05-13,46.295,AAPL
2019-05-14,47.225,AAPL
2019-05-15,47.8375,AAPL
2019-05-16,47.5025,AAPL
2019-05-17,47.25,AAPL
2019-05-20,45.73,AAPL
2019-05-21,46.76,AAPL
2019-05-22,46.08916666666666,AAPL
2019-05-23,45.41833333333334,AAPL
2019-05-24,44.7475,AAPL
2019-05-28,44.725,AAPL
2019-05-29,44.3725,AAPL
2019-05-30,44.5275,AAPL
2019-05-31,43.86,AAPL
2019-06-03,43.26,AAPL
2019-06-04,44.8475,AAPL
2019-06-05,45.53,AAPL
2019-06-06,46.28,AAPL
2019-06-07,47.5025,AAPL
2019-06-10,48.2125,AAPL
2019-06-11,48.7275,AAPL
2019-06-12,48.5275,AAPL
2019-06-13,48.5375,AAPL
2019-06-14,48.2975,AAPL
2019-06-17,48.49,AAPL
2019-06-18,49.5975,AAPL
2019-06-19,49.6725,AAPL
2019-06-20,49.9,AAPL
2019-06-21,49.97,AAPL
2019-06-24,49.805,AAPL
2019-06-25,48.995,AAPL
2019-06-26,49.9925,AAPL
2019-06-27,50.0175,AAPL
2019-06-28,49.3825,AAPL
2019-07-01,50.405,AAPL
2019-07-02,50.615,AAPL
2019-07-03,50.965,AAPL
2019-07-05,51.115,AAPL
2019-07-08,51.009166666666665,AAPL
2019-07-09,50.903333333333336,AAPL
2019-07-10,50.7975,AAPL
2019-07-11,50.625,AAPL
2019-07-12,50.82,AAPL
2019-07-15,51.275,AAPL
2019-07-16,51.19,AAPL
2019-07-17,50.9925,AAPL
2019-07-18,51.3225,AAPL
2019-07-19,50.7775,AAPL
2019-07-22,51.72,AAPL
2019-07-23,52.1975,AAPL
2019-07-24,52.115,AAPL
2019-07-25,51.8125,AAPL
2019-07-26,52.085,AAPL
2019-07-29,52.5525,AAPL
2019-07-30,52.195,AAPL
2019-07-31,53.6525,AAPL
2019-08-01,52.285,AAPL
2019-08-02,50.92,AAPL
2019-08-05,48.565,AAPL
2019-08-06,49.1675,AAPL
2019-08-07,49.79,AAPL
2019-08-08,50.7675,AAPL
2019-08-09,50.6675,AAPL
2019-08-12,50.1425,AAPL
2019-08-13,52.2925,AAPL
2019-08-14,50.845,AAPL
2019-08-15,50.54,AAPL
2019-08-16,51.6775,AAPL
2019-08-19,52.6875,AAPL
2019-08-20,52.845,AAPL
2019-08-21,53.0775,AAPL
2019-08-22,53.1975,AAPL
2019-08-23,50.8575,AAPL
2019-08-26,51.355,AAPL
2019-08-27,51.2525,AAPL
2019-08-28,51.315,AAPL
2019-08-29,52.18,AAPL
2019-08-30,52.035,AAPL
2019-09-03,51.5075,AAPL
2019-09-04,52.3075,AAPL
2019-09-05,53.275,AAPL
2019-09-06,53.42,AAPL
2019-09-09,53.565,AAPL
2019-09-10,53.7575,AAPL
2019-09-11,55.7475,AAPL
2019-09-12,55.48916666666667,AAPL
2019-09-13,55.23083333333333,AAPL
2019-09-16,54.9725,AAPL
2019-09-17,55.1175,AAPL
2019-09-18,55.5725,AAPL
2019-09-19,55.275,AAPL
2019-09-20,54.65,AAPL
2019-09-23,54.9,AAPL
2019-09-24,54.565,AAPL
2019-09-25,55.28,AAPL
2019-09-26,55.055,AAPL
2019-09-27,54.6875,AAPL
2019-09-30,55.98,AAPL
2019-10-01,56.2425,AAPL
2019-10-02,54.84,AAPL
2019-10-03,55.08,AAPL
2019-10-04,56.645,AAPL
2019-10-07,56.493750000000006,AAPL
2019-10-08,56.3425,AAPL
2019-10-09,56.7875,AAPL
2019-10-10,57.525,AAPL
2019-10-11,59.26,AAPL
2019-10-15,58.865,AAPL
2019-10-16,58.535,AAPL
2019-10-17,58.7825,AAPL
2019-10-18,59.29,AAPL
2019-10-21,60.045,AAPL
2019-10-22,59.98,AAPL
2019-10-23,60.7575,AAPL
2019-10-24,60.77,AAPL
2019-10-25,61.465,AAPL
2019-10-28,62.1975,AAPL
2019-10-29,60.8775,AAPL
2019-10-30,60.83,AAPL
2019-10-31,62.02,AAPL
2019-11-01,63.7325,AAPL
2019-11-04,64.3325,AAPL
2019-11-05,64.395,AAPL
2019-11-06,64.1775,AAPL
2019-11-07,64.635,AAPL
2019-11-08,64.96,AAPL
2019-11-12,65.4275,AAPL
2019-11-13,66.135,AAPL
2019-11-14,65.7075,AAPL
2019-11-15,66.245,AAPL
2019-11-18,66.725,AAPL
2019-11-19,66.69,AAPL
2019-11-20,65.7025,AAPL
2019-11-21,65.465,AAPL
2019-11-22,65.3225,AAPL
2019-11-25,66.4575,AAPL
2019-11-26,66.65,AAPL
2019-11-27,66.8375,AAPL
2019-11-29,66.87,AAPL
2019-12-02,66.3025,AAPL
2019-12-03,64.68,AAPL
2019-12-04,65.66250000000001,AAPL
2019-12-05,66.645,AAPL
2019-12-06,67.6275,AAPL
2019-12-09,66.7925,AAPL
2019-12-10,67.13333333333334,AAPL
2019-12-11,67.47416666666666,AAPL
2019-12-12,67.815,AAPL
2019-12-13,68.89625000000001,AAPL
2019-12-16,69.9775,AAPL
2019-12-17,70.08,AAPL
2019-12-18,70.1675,AAPL
2019-12-19,70.0125,AAPL
2019-12-20,69.775,AAPL
2019-12-23,70.94,AAPL
2019-12-24,71.03,AAPL
2019-12-26,72.3025,AAPL
2019-12-27,72.185,AAPL
2019-12-30,73.0025,AAPL
2019-12-31,73.365,AAPL
2020-01-02,74.8925,AAPL
2020-01-03,74.5425,AAPL
2020-01-06,74.8375,AAPL
2020-01-07,74.8375,AAPL
2020-01-08,75.98,AAPL
2020-01-09,77.28,AAPL
2020-01-10,77.4525,AAPL
2020-01-13,78.93,AAPL
2020-01-14,78.46,AAPL
2020-01-15,77.55,AAPL
2020-01-16,78.635,AAPL
2020-01-17,79.4625,AAPL
2020-01-21,79.1825,AAPL
2020-01-22,79.53,AAPL
2020-01-23,79.815,AAPL
2020-01-24,79.65,AAPL
2020-01-27,77.42,AAPL
2020-01-28,79.3925,AAPL
2020-01-29,81.415,AAPL
2020-01-30,80.7025,AAPL
2020-01-31,77.3725,AAPL
2020-02-03,77.0425,AAPL
2020-02-04,79.4475,AAPL
2020-02-05,80.375,AAPL
2020-02-06,81.1775,AAPL
2020-02-07,79.905,AAPL
2020-02-10,80.2025,AAPL
2020-02-11,79.79,AAPL
2020-02-12,81.49,AAPL
2020-02-13,81.1225,AAPL
2020-02-14,81.0925,AAPL
2020-02-18,79.79,AAPL
2020-02-19,80.81,AAPL
2020-02-20,80.1275,AAPL
2020-02-21,78.05,AAPL
2020-02-24,75.15,AAPL
2020-02-25,72.15,AAPL
2020-02-26,73.1875,AAPL
2020-02-27,69.1775,AAPL
2020-02-28,66.87,AAPL
2020-03-02,73.065,AAPL
2020-03-03,72.9075,AAPL
2020-03-04,74.9525,AAPL
2020-03-05,73.215,AAPL
2020-03-06,71.8125,AAPL
2020-03-09,67.9875,AAPL
2020-03-10,70.4075,AAPL
2020-03-11,69.2,AAPL
2020-03-12,63.75,AAPL
2020-03-13,66.2125,AAPL
2020-03-16,62.7325,AAPL
2020-03-17,63.395,AAPL
2020-03-18,60.1825,AAPL
2020-03-19,62.2725,AAPL
2020-03-20,58.85,AAPL
2020-03-23,55.0375,AAPL
2020-03-24,60.9575,AAPL
2020-03-25,62.7725,AAPL
2020-03-26,62.9925,AAPL
2020-03-27,62.845,AAPL
2020-03-30,63.485,AAPL
2020-03-31,63.505,AAPL
2020-04-01,60.02,AAPL
2020-04-02,60.7775,AAPL
2020-04-03,59.81,AAPL
2020-04-06,64.5075,AAPL
2020-04-07,65.56,AAPL
2020-04-08,66.2275,AAPL
2020-04-09,66.975,AAPL
2020-04-10,67.56875,AAPL
2020-04-13,68.1625,AAPL
2020-04-14,71.915,AAPL
2020-04-15,71.11,AAPL
2020-04-16,71.4225,AAPL
2020-04-17,70.305,AAPL
2020-04-20,69.43,AAPL
2020-04-21,67.4125,AAPL
2020-04-22,69.28,AAPL
2020-04-23,69.11,AAPL
2020-04-24,70.7025,AAPL
2020-04-27,70.76,AAPL
2020-04-28,69.95,AAPL
2020-04-29,72.22,AAPL
2020-04-30,72.81,AAPL
2020-05-01,72.385,AAPL
2020-05-04,73.22,AAPL
2020-05-05,74.5,AAPL
2020-05-06,75.385,AAPL
2020-05-07,75.8275,AAPL
2020-05-08,77.46,AAPL
2020-05-11,78.9825,AAPL
2020-05-12,78.135,AAPL
2020-05-13,76.375,AAPL
2020-05-14,77.055,AAPL
2020-05-15,76.755,AAPL
2020-05-18,78.985,AAPL
2020-05-19,78.87,AAPL
2020-05-20,79.725,AAPL
2020-05-21,79.4375,AAPL
2020-05-22,79.57,AAPL
2020-05-26,79.2675,AAPL
2020-05-27,79.4075,AAPL
2020-05-28,80.065,AAPL
2020-05-29,80.1225,AAPL
2020-06-01,80.44,AAPL
2020-06-02,80.4625,AAPL
2020-06-03,81.38,AAPL
2020-06-04,80.425,AAPL
2020-06-05,82.695,AAPL
2020-06-08,83.115,AAPL
2020-06-09,86.08,AAPL
2020-06-10,88.305,AAPL
2020-06-11,84.455,AAPL
2020-06-12,84.7075,AAPL
2020-06-15,85.53,AAPL
2020-06-16,87.6225,AAPL
2020-06-17,88.0825,AAPL
2020-06-18,87.7325,AAPL
2020-06-19,87.1625,AAPL
2020-06-22,89.605,AAPL
2020-06-23,91.945,AAPL
2020-06-24,90.36,AAPL
2020-06-25,90.6825,AAPL
2020-06-26,89.2575,AAPL
2020-06-29,90.1625,AAPL
2020-06-30,91.0625,AAPL
2020-07-01,91.3425,AAPL
2020-07-02,91.525,AAPL
2020-07-06,93.4475,AAPL
2020-07-07,93.7425,AAPL
2020-07-08,95.0375,AAPL
2020-07-09,95.53,AAPL
2020-07-10,95.8425,AAPL
2020-07-13,96.24,AAPL
2020-07-14,96.73,AAPL
2020-07-15,97.76125,AAPL
2020-07-16,96.6275,AAPL
2020-07-17,96.5875,AAPL
2020-07-20,98.1825,AAPL
2020-07-21,97.3575,AAPL
2020-07-22,97.1375,AAPL
2020-07-23,92.7875,AAPL
2020-07-24,92.525,AAPL
2020-07-27,94.67,AAPL
2020-07-28,93.63,AAPL
2020-07-29,95.03,AAPL
2020-07-30,95.94,AAPL
2020-07-31,105.8125,AAPL
2020-08-03,109.35,AAPL
2020-08-04,109.355,AAPL
2020-08-05,110.0075,AAPL
2020-08-06,113.6575,AAPL
2020-08-07,111.4075,AAPL
2020-08-10,112.69,AAPL
2020-08-11,109.5275,AAPL
2020-08-12,112.9775,AAPL
2020-08-13,115.205,AAPL
2020-08-14,114.475,AAPL
2020-08-17,114.9425,AAPL
2020-08-18,115.6175,AAPL
2020-08-19,116.065,AAPL
2020-08-20,118.28,AAPL
2020-08-21,123.9625,AAPL
2020-08-24,125.935,AAPL
2020-08-25,124.8025,AAPL
2020-08-26,126.0625,AAPL
2020-08-27,125.22,AAPL
2020-08-28,126.25,AAPL
2020-08-31,130.06,AAPL
2020-09-01,134.1,AAPL
2020-09-02,131.42,AAPL
2020-09-03,121.34,AAPL
2020-09-04,121.32,AAPL
2020-09-08,113.58,AAPL
2020-09-09,117.3,AAPL
2020-09-10,113.88,AAPL
2020-09-11,111.81,AAPL
2020-09-14,115.58,AAPL
2020-09-15,114.58,AAPL
2020-09-16,112.73,AAPL
2020-09-17,109.99,AAPL
2020-09-18,107.95,AAPL
2020-09-21,109.44,AAPL
2020-09-22,112.3,AAPL
2020-09-23,107.74,AAPL
2020-09-24,108.88,AAPL
2020-09-25,112.06,AAPL
2020-09-28,114.59,AAPL
